Ticker,Entry_Date,Exit_Date,Entry_Price,Exit_Price,Return_Pct,Reason,Days_Held,TP_Price,SL_Price
3661,2023-06-01,2023-06-06,1592.07,1531.32,-0.0447,🟡 移動停利,3,1874.06,1531.32
2376,2023-06-01,2023-06-07,170.2,191.29,0.1162,🟡 移動停利,4,196.65,191.29
3231,2023-06-01,2023-06-07,59.45,63.44,0.0599,🟡 移動停利,4,69.91,63.44
3443,2023-06-01,2023-06-08,1421.28,1370.6,-0.0423,🟡 移動停利,5,1668.68,1370.6
1519,2023-06-01,2023-06-12,116.74,118.31,0.0065,🟡 移動停利,7,141.52,118.31
2618,2023-06-02,2023-06-12,31.91,30.0,-0.0663,🟡 移動停利,6,35.62,30.0
2301,2023-06-12,2023-06-16,90.51,93.33,0.0241,🟡 移動停利,4,101.61,93.33
2204,2023-06-02,2023-06-19,81.31,78.44,-0.0419,🟡 移動停利,11,94.75,78.76
2382,2023-06-01,2023-06-26,105.93,135.41,0.2695,⚪ 時間到期,15,123.02,130.74
2368,2023-06-01,2023-06-26,117.8,133.06,0.1218,⚪ 時間到期,15,136.23,130.67
2383,2023-06-02,2023-06-26,201.41,218.43,0.0771,🟡 移動停利,14,230.67,218.43
2376,2023-06-07,2023-06-27,192.8,220.55,0.1361,🟡 移動停利,12,225.52,220.55
2618,2023-06-12,2023-06-27,31.16,34.39,0.0961,🟡 移動停利,9,35.27,34.39
1519,2023-06-12,2023-06-28,119.14,120.96,0.0083,🟡 移動停利,10,145.43,120.96
3661,2023-06-06,2023-06-29,1592.07,1761.23,0.0987,⚪ 時間到期,15,1890.65,1652.68
3231,2023-06-08,2023-07-03,63.87,88.12,0.3701,⚪ 時間到期,15,76.32,82.08
3035,2023-06-29,2023-07-03,195.13,208.52,0.0613,🟡 移動停利,2,218.4,209.98
6669,2023-07-03,2023-07-05,1401.17,1389.76,-0.0149,🟡 移動停利,2,1638.86,1389.76
3706,2023-06-28,2023-07-06,31.39,31.02,-0.0188,🟡 移動停利,6,36.59,31.02
3231,2023-07-03,2023-07-06,86.27,93.94,0.0815,🟡 移動停利,3,102.86,93.95
3017,2023-06-26,2023-07-07,238.15,261.12,0.089,🟡 移動停利,9,280.7,261.12
3035,2023-07-05,2023-07-07,247.56,235.63,-0.0547,🟡 移動停利,2,280.99,235.63
2382,2023-06-26,2023-07-10,136.93,146.44,0.0621,🟡 移動停利,10,162.16,146.44
2356,2023-06-19,2023-07-12,41.01,44.56,0.0791,⚪ 時間到期,15,48.36,41.09
2376,2023-06-27,2023-07-13,221.4,277.63,0.2454,🟡 移動停利,12,268.22,277.63
2610,2023-06-26,2023-07-14,25.62,23.89,-0.0737,🟡 移動停利,14,28.99,23.89
2301,2023-06-26,2023-07-14,91.41,119.57,0.2992,🟡 移動停利,14,109.22,119.57
2618,2023-06-27,2023-07-14,35.99,33.71,-0.0697,🟡 移動停利,13,41.54,33.71
3231,2023-07-06,2023-07-14,94.03,125.11,0.3214,🟡 移動停利,6,112.13,125.11
3017,2023-07-07,2023-07-17,265.74,272.61,0.0188,🟡 移動停利,6,316.23,272.61
6669,2023-07-06,2023-07-18,1396.39,1734.1,0.2334,🟡 移動停利,8,1679.34,1734.1
3035,2023-07-07,2023-07-18,243.67,304.11,0.2395,🟡 移動停利,7,282.37,304.11
2356,2023-07-13,2023-07-18,45.82,57.74,0.2515,🟡 移動停利,3,54.38,57.74
2301,2023-07-17,2023-07-18,126.36,118.94,-0.0652,🟡 移動停利,1,152.36,118.94
3231,2023-07-14,2023-07-19,129.95,121.06,-0.0748,🟡 移動停利,3,155.29,121.06
6285,2023-07-14,2023-07-19,107.79,103.73,-0.0443,🟡 移動停利,3,122.85,103.73
1519,2023-07-14,2023-07-19,151.52,159.76,0.0471,🟡 移動停利,3,176.6,160.06
2356,2023-07-18,2023-07-19,60.91,60.28,-0.017,🟡 移動停利,1,70.34,60.28
2356,2023-07-19,2023-07-20,64.65,58.33,-0.104,🔴 停損,1,74.78,58.33
2382,2023-07-10,2023-07-21,146.64,188.55,0.277,🟡 移動停利,9,176.5,191.15
2383,2023-07-12,2023-07-21,276.29,283.59,0.0194,🟡 移動停利,7,320.51,294.3
3035,2023-07-18,2023-07-21,319.88,327.81,0.0178,🟡 移動停利,3,375.26,333.44
6669,2023-07-18,2023-07-21,1817.22,1760.46,-0.0379,🟡 移動停利,3,2195.58,1760.46
6285,2023-07-19,2023-07-21,107.34,96.36,-0.1084,🔴 停損,2,124.89,96.36
2368,2023-07-14,2023-07-26,176.47,168.78,-0.0501,🟡 移動停利,8,205.38,168.78
3035,2023-07-21,2023-07-26,328.14,339.45,0.0274,🟡 移動停利,3,395.73,348.6
2301,2023-07-18,2023-07-28,134.87,126.15,-0.071,🟡 移動停利,8,161.5,126.15
2356,2023-07-20,2023-07-28,58.56,61.6,0.0447,🟡 移動停利,6,70.08,61.6
6669,2023-07-21,2023-07-28,1769.39,1788.53,0.0039,🟡 移動停利,5,2186.94,1788.53
3231,2023-07-19,2023-07-31,129.95,134.25,0.0261,🟡 移動停利,8,159.1,134.25
2382,2023-07-21,2023-07-31,188.74,225.35,0.1858,🟡 移動停利,6,228.95,225.35
3035,2023-07-26,2023-07-31,339.78,289.84,-0.1528,🔴 停損,3,419.7,289.84
1519,2023-07-19,2023-08-01,159.92,183.95,0.1424,🟡 移動停利,9,187.63,183.95
2356,2023-07-28,2023-08-01,64.09,58.5,-0.0934,🟡 移動停利,2,78.17,58.5
2376,2023-07-28,2023-08-01,311.81,279.36,-0.1102,🟡 移動停利,2,397.15,279.36
3231,2023-07-31,2023-08-01,150.26,124.15,-0.1794,🔴 停損,1,189.6,125.68
2382,2023-07-31,2023-08-01,249.34,212.58,-0.1532,🔴 停損,1,303.13,215.72
3706,2023-07-21,2023-08-02,39.84,39.09,-0.0253,🟡 移動停利,8,49.11,39.09
6669,2023-07-28,2023-08-02,1860.26,1546.74,-0.1742,🔴 停損,3,2361.88,1546.74
2301,2023-07-31,2023-08-02,152.35,128.18,-0.1644,🔴 停損,2,191.02,128.18
1519,2023-08-01,2023-08-02,200.66,175.4,-0.1318,🔴 停損,1,236.44,178.3
3044,2023-08-01,2023-08-02,158.38,142.89,-0.104,🟡 移動停利,1,183.66,142.89
3044,2023-08-02,2023-08-09,149.58,155.91,0.0352,🟡 移動停利,4,177.11,156.75
2383,2023-07-26,2023-08-10,339.79,384.9,0.125,🟡 移動停利,10,408.73,384.9
6285,2023-07-21,2023-08-14,96.88,107.23,0.0993,⚪ 時間到期,15,115.98,100.29
3231,2023-08-01,2023-08-14,124.28,102.42,-0.1815,🟡 移動停利,8,165.85,102.42
2356,2023-08-01,2023-08-14,59.03,50.08,-0.1574,🟡 移動停利,8,75.13,50.69
1519,2023-08-02,2023-08-14,175.58,162.44,-0.0812,🟡 移動停利,7,216.38,162.44
3706,2023-08-02,2023-08-14,42.61,36.55,-0.148,🟡 移動停利,7,53.7,36.55
2382,2023-08-01,2023-08-23,212.8,242.16,0.1302,⚪ 時間到期,15,270.28,223.33
2301,2023-08-02,2023-08-24,138.91,137.55,-0.0165,⚪ 時間到期,15,181.52,116.36
3035,2023-08-02,2023-08-24,299.01,322.96,0.0727,⚪ 時間到期,15,391.92,303.68
2383,2023-08-10,2023-08-29,411.83,386.94,-0.0669,🟡 移動停利,13,506.23,386.94
3044,2023-08-09,2023-08-30,156.06,171.64,0.0923,⚪ 時間到期,15,191.74,165.07
1519,2023-08-14,2023-09-04,167.89,242.49,0.4345,⚪ 時間到期,15,222.78,227.59
2357,2023-08-14,2023-09-04,333.72,367.37,0.0933,⚪ 時間到期,15,408.85,355.31
2356,2023-08-14,2023-09-04,50.13,51.2,0.0144,⚪ 時間到期,15,69.02,47.45
2603,2023-08-14,2023-09-04,89.18,88.68,-0.0124,⚪ 時間到期,15,100.0,84.39
6285,2023-08-14,2023-09-04,107.79,118.13,0.0885,⚪ 時間到期,15,128.78,110.01
2345,2023-08-23,2023-09-08,450.45,442.58,-0.0242,🟡 移動停利,12,538.19,442.58
2368,2023-08-24,2023-09-13,210.61,187.04,-0.118,🟡 移動停利,14,254.13,187.04
3661,2023-08-24,2023-09-14,2490.65,2604.29,0.0385,⚪ 時間到期,15,3010.73,2338.1
2634,2023-09-04,2023-09-15,59.29,54.91,-0.0802,🟡 移動停利,9,67.56,54.91
1519,2023-09-04,2023-09-18,238.69,200.16,-0.1672,🟡 移動停利,10,305.78,200.16
2449,2023-08-29,2023-09-19,71.38,76.0,0.0574,⚪ 時間到期,15,84.54,69.09
3533,2023-08-30,2023-09-20,845.1,814.65,-0.0426,⚪ 時間到期,15,969.85,800.67
3035,2023-09-04,2023-09-20,330.56,306.41,-0.0794,🟡 移動停利,12,420.66,306.41
2345,2023-09-08,2023-09-20,449.48,465.24,0.028,🟡 移動停利,8,531.93,465.24
2458,2023-09-13,2023-09-20,121.5,120.24,-0.0172,🟡 移動停利,5,135.86,120.24
3044,2023-09-04,2023-09-21,176.44,176.73,-0.0052,🟡 移動停利,13,215.67,176.73
6285,2023-09-04,2023-09-21,117.34,128.13,0.0845,🟡 移動停利,13,136.97,128.13
3661,2023-09-14,2023-09-21,2611.81,2344.35,-0.1085,🟡 移動停利,5,3059.27,2378.58
2449,2023-09-19,2023-09-21,74.58,69.5,-0.0744,🟡 移動停利,2,87.97,69.5
2454,2023-09-20,2023-09-22,687.76,654.87,-0.0543,🔴 停損,2,740.39,654.87
3036,2023-09-22,2023-09-25,92.61,85.9,-0.0787,🔴 停損,1,103.33,85.9
3036,2023-09-25,2023-09-27,87.57,86.05,-0.0241,🟡 移動停利,2,99.77,86.24
3034,2023-09-20,2023-09-28,394.34,378.29,-0.0472,🟡 移動停利,6,427.27,378.29
3036,2023-09-27,2023-09-28,86.13,93.86,0.0823,🟡 移動停利,1,99.5,94.04
6285,2023-09-21,2023-10-03,133.26,120.43,-0.1025,🔴 停損,7,153.8,120.43
2603,2023-09-21,2023-10-03,96.61,91.56,-0.0588,🔴 停損,7,104.69,91.56
2201,2023-09-20,2023-10-04,79.94,74.8,-0.0707,🟡 移動停利,9,89.58,74.96
6415,2023-09-21,2023-10-04,309.05,288.22,-0.0738,🟡 移動停利,8,368.54,288.22
2327,2023-09-28,2023-10-04,101.56,99.04,-0.0315,🟡 移動停利,3,109.79,99.04
2204,2023-09-15,2023-10-11,87.6,84.24,-0.0449,⚪ 時間到期,15,102.8,79.78
1519,2023-09-18,2023-10-12,206.33,227.94,0.0972,⚪ 時間到期,15,263.8,213.04
3044,2023-09-21,2023-10-12,186.17,176.79,-0.0569,🟡 移動停利,12,219.38,176.79
2458,2023-09-20,2023-10-16,123.68,120.51,-0.0323,⚪ 時間到期,15,139.6,114.47
3661,2023-10-03,2023-10-17,2705.08,2582.36,-0.0519,🟡 移動停利,8,3140.39,2582.36
2637,2023-10-11,2023-10-17,42.39,39.13,-0.0831,🔴 停損,4,47.6,39.13
2368,2023-10-04,2023-10-18,205.8,193.64,-0.0655,🟡 移動停利,8,244.9,193.64
2454,2023-10-04,2023-10-18,693.16,718.51,0.0295,🟡 移動停利,8,757.46,726.82
2345,2023-10-12,2023-10-18,517.29,478.19,-0.0819,🟡 移動停利,4,605.36,478.19
3036,2023-09-28,2023-10-19,93.96,101.15,0.0692,🟡 移動停利,12,108.88,101.15
2327,2023-10-04,2023-10-20,100.01,102.94,0.0223,🟡 移動停利,10,107.89,102.94
2886,2023-10-12,2023-10-20,34.58,33.65,-0.0334,🟡 移動停利,6,36.5,33.65
3443,2023-10-16,2023-10-20,1638.58,1547.69,-0.0619,🟡 移動停利,4,1905.74,1547.69
2449,2023-10-18,2023-10-20,77.86,78.72,0.0041,🟡 移動停利,2,88.82,78.72
2379,2023-10-17,2023-10-23,391.17,366.01,-0.0707,🟡 移動停利,4,431.54,366.01
3443,2023-10-20,2023-10-23,1594.82,1416.92,-0.1176,🔴 停損,1,1879.47,1416.92
9910,2023-10-03,2023-10-26,171.33,162.24,-0.0595,⚪ 時間到期,15,196.11,155.84
2449,2023-10-20,2023-10-26,79.65,74.22,-0.0745,🟡 移動停利,4,90.91,74.22
2303,2023-10-20,2023-10-26,44.09,41.78,-0.0589,🔴 停損,4,47.3,42.08
2886,2023-10-20,2023-10-26,33.77,32.5,-0.0441,🔴 停損,4,35.79,32.5
3711,2023-10-23,2023-10-26,109.84,103.66,-0.0627,🔴 停損,3,119.55,103.77
1519,2023-10-17,2023-10-27,233.43,202.97,-0.1364,🔴 停損,8,282.17,202.97
1519,2023-10-27,2023-10-31,212.39,180.57,-0.1557,🔴 停損,2,263.32,180.57
6285,2023-10-26,2023-11-01,117.34,112.06,-0.0516,🟡 移動停利,4,132.88,112.06
2458,2023-10-26,2023-11-03,125.49,123.32,-0.024,🟡 移動停利,6,140.07,123.32
2454,2023-10-18,2023-11-08,719.23,820.9,0.1336,⚪ 時間到期,15,795.03,775.32
2345,2023-10-18,2023-11-08,479.51,536.13,0.1104,⚪ 時間到期,15,567.09,489.13
3034,2023-11-03,2023-11-08,436.55,422.66,-0.0385,🟡 移動停利,3,475.95,427.65
3036,2023-10-19,2023-11-09,103.4,129.79,0.2467,⚪ 時間到期,15,126.91,124.08
6446,2023-11-08,2023-11-10,327.63,316.51,-0.0405,🟡 移動停利,2,373.67,316.51
3443,2023-10-23,2023-11-13,1492.71,1651.52,0.0988,⚪ 時間到期,15,1778.33,1531.3
3036,2023-11-09,2023-11-13,134.42,116.77,-0.1372,🔴 停損,2,155.61,121.17
6669,2023-10-26,2023-11-16,1511.16,1753.3,0.1523,⚪ 時間到期,15,1810.22,1695.37
2449,2023-10-26,2023-11-16,75.33,79.0,0.0417,⚪ 時間到期,15,86.49,77.47
2891,2023-10-26,2023-11-16,22.06,24.3,0.094,⚪ 時間到期,15,23.38,23.48
3661,2023-11-08,2023-11-16,2950.56,3007.07,0.0122,🟡 移動停利,6,3498.88,3007.07
3036,2023-11-13,2023-11-17,116.88,102.62,-0.128,🔴 停損,4,139.7,102.62
2603,2023-10-31,2023-11-21,90.83,93.63,0.0237,⚪ 時間到期,15,99.82,91.31
6285,2023-11-03,2023-11-24,125.98,125.99,-0.0068,⚪ 時間到期,15,143.7,122.3
6669,2023-11-16,2023-11-27,1798.09,1627.89,-0.1008,🟡 移動停利,7,2143.97,1627.89
2454,2023-11-08,2023-11-29,807.33,851.43,0.0474,⚪ 時間到期,15,893.38,800.35
2385,2023-11-10,2023-12-01,123.98,137.48,0.1013,⚪ 時間到期,15,139.3,128.33
3034,2023-11-13,2023-12-04,436.55,461.24,0.0493,⚪ 時間到期,15,483.4,435.56
2368,2023-11-27,2023-12-05,208.68,202.83,-0.0347,🟡 移動停利,6,245.38,202.83
2606,2023-12-04,2023-12-05,48.52,51.52,0.0545,🟡 移動停利,1,53.94,51.52
6415,2023-11-16,2023-12-06,369.38,396.7,0.0666,🟡 移動停利,14,433.29,396.7
6446,2023-11-17,2023-12-06,324.48,304.93,-0.0667,🟡 移動停利,13,374.65,304.93
3661,2023-11-16,2023-12-07,3038.92,3305.64,0.0803,⚪ 時間到期,15,3638.25,2935.96
2618,2023-11-16,2023-12-07,27.28,28.82,0.0492,⚪ 時間到期,15,30.49,27.26
3035,2023-11-29,2023-12-07,349.49,346.23,-0.0161,🟡 移動停利,6,410.01,346.23
2606,2023-12-05,2023-12-07,52.6,48.57,-0.0831,🔴 停損,2,58.78,48.74
1519,2023-12-04,2023-12-11,231.0,274.83,0.1816,🟡 移動停利,5,277.56,274.83
2204,2023-11-21,2023-12-12,95.12,110.5,0.1537,⚪ 時間到期,15,107.05,104.8
2368,2023-12-05,2023-12-12,213.49,210.28,-0.0218,🟡 移動停利,5,251.34,210.28
2357,2023-12-07,2023-12-18,359.46,374.03,0.0334,🟡 移動停利,7,398.77,374.03
2204,2023-12-12,2023-12-18,106.18,103.35,-0.0334,🟡 移動停利,4,120.45,103.35
2605,2023-12-07,2023-12-19,25.58,24.74,-0.0393,🟡 移動停利,8,29.37,24.74
1519,2023-12-11,2023-12-19,295.33,265.23,-0.1081,🟡 移動停利,6,351.43,265.23
2385,2023-12-01,2023-12-20,135.91,149.45,0.0921,🟡 移動停利,13,154.21,149.45
2408,2023-12-07,2023-12-20,71.57,71.96,-0.0014,🟡 移動停利,9,79.47,71.96
6285,2023-12-18,2023-12-21,155.22,141.55,-0.0943,🔴 停損,3,177.1,141.55
2637,2023-12-12,2023-12-25,43.37,42.55,-0.0255,🟡 移動停利,9,49.22,42.55
2603,2023-12-20,2023-12-25,121.79,119.15,-0.0284,🟡 移動停利,3,133.76,119.15
2353,2023-12-21,2023-12-25,40.38,43.35,0.0662,🟡 移動停利,2,44.4,43.35
2324,2023-12-25,2023-12-26,32.8,33.16,0.0039,🟡 移動停利,1,36.71,33.16
6415,2023-12-06,2023-12-27,415.01,443.5,0.0614,⚪ 時間到期,15,492.83,400.26
2353,2023-12-26,2023-12-27,45.54,47.31,0.0318,🟡 移動停利,1,50.59,47.31
2606,2023-12-07,2023-12-28,48.61,46.93,-0.0411,⚪ 時間到期,15,55.83,45.05
3711,2023-12-07,2023-12-28,120.59,126.54,0.0422,⚪ 時間到期,15,129.46,120.99
6239,2023-12-18,2024-01-02,134.66,126.52,-0.0669,🟡 移動停利,10,149.66,126.52
2353,2023-12-27,2024-01-02,47.38,48.46,0.0158,🟡 移動停利,3,52.8,48.46
2357,2023-12-28,2024-01-03,455.99,425.29,-0.0737,🟡 移動停利,3,508.8,425.29
6415,2024-01-02,2024-01-03,490.55,442.1,-0.1049,🔴 停損,1,568.08,442.1
2324,2023-12-28,2024-01-04,35.59,33.41,-0.0676,🟡 移動停利,4,40.31,33.41
2353,2024-01-02,2024-01-04,49.96,45.72,-0.0912,🔴 停損,2,56.75,45.72
2615,2023-12-25,2024-01-09,54.96,50.58,-0.086,🟡 移動停利,10,63.85,50.58
2603,2023-12-27,2024-01-09,123.03,126.26,0.0192,🟡 移動停利,8,138.79,126.26
1519,2023-12-19,2024-01-10,277.53,296.65,0.0616,⚪ 時間到期,15,339.77,259.37
2605,2023-12-19,2024-01-10,25.44,22.77,-0.1112,🟡 移動停利,15,30.12,22.77
2385,2023-12-20,2024-01-11,152.95,155.78,0.0115,⚪ 時間到期,15,173.81,145.3
2356,2023-12-25,2024-01-16,47.41,46.9,-0.0176,⚪ 時間到期,15,55.52,45.01
2357,2024-01-03,2024-01-16,439.44,403.85,-0.0873,🔴 停損,9,496.39,403.85
2353,2024-01-04,2024-01-16,46.28,42.13,-0.0958,🟡 移動停利,8,53.87,42.13
2324,2024-01-04,2024-01-16,34.02,31.55,-0.0789,🟡 移動停利,8,39.42,31.55
3036,2024-01-16,2024-01-17,115.2,123.31,0.063,🟡 移動停利,1,132.74,123.76
6415,2024-01-11,2024-01-19,442.48,389.79,-0.1251,🔴 停損,6,526.77,389.79
6239,2024-01-03,2024-01-24,122.84,128.17,0.0363,⚪ 時間到期,15,144.29,120.21
2382,2024-01-16,2024-01-26,208.63,223.1,0.062,🟡 移動停利,8,236.18,223.1
3036,2024-01-17,2024-01-26,123.43,134.27,0.0804,🟡 移動停利,7,142.43,134.27
2603,2024-01-09,2024-01-30,127.16,124.97,-0.0239,⚪ 時間到期,15,147.37,120.18
2609,2024-01-09,2024-01-30,46.56,42.17,-0.1006,⚪ 時間到期,15,55.65,40.88
3481,2024-01-10,2024-01-31,14.18,15.65,0.0961,⚪ 時間到期,15,15.86,15.41
1519,2024-01-10,2024-01-31,290.07,358.89,0.2288,⚪ 時間到期,15,351.91,332.37
3035,2024-01-16,2024-02-01,404.34,399.82,-0.018,🟡 移動停利,12,459.82,399.82
3017,2024-01-24,2024-02-01,379.55,416.96,0.091,🟡 移動停利,6,444.51,416.96
1519,2024-01-31,2024-02-01,340.64,357.88,0.0434,🟡 移動停利,1,399.16,357.88
3036,2024-01-26,2024-02-05,139.89,155.05,0.1008,🟡 移動停利,6,165.1,155.05
2353,2024-01-16,2024-02-15,42.5,42.36,-0.01,⚪ 時間到期,15,51.98,38.83
3661,2024-01-19,2024-02-16,3686.97,4083.61,0.1,🟡 移動停利,13,4137.2,4083.61
6669,2024-01-30,2024-02-16,2142.4,2153.4,-0.0017,🟡 移動停利,6,2503.57,2153.4
3017,2024-02-01,2024-02-16,418.29,491.05,0.1659,🟡 移動停利,4,486.97,491.05
3231,2024-01-26,2024-02-19,108.21,118.01,0.0832,🟡 移動停利,9,122.86,118.3
2376,2024-02-01,2024-02-19,289.25,346.08,0.1883,🟡 移動停利,5,329.63,346.08
3036,2024-02-05,2024-02-19,160.0,145.23,-0.0985,🟡 移動停利,3,192.7,145.8
3017,2024-02-16,2024-02-19,533.53,481.72,-0.1033,🔴 停損,1,616.42,481.72
2383,2024-01-31,2024-02-20,452.66,492.51,0.0806,🟡 移動停利,7,514.05,492.51
2368,2024-02-16,2024-02-20,265.42,247.56,-0.0737,🟡 移動停利,2,305.87,247.56
1519,2024-02-01,2024-02-23,360.06,419.72,0.1577,🟡 移動停利,9,423.11,419.72
2376,2024-02-19,2024-02-26,348.14,315.26,-0.1006,🟡 移動停利,5,401.69,315.26
2356,2024-02-15,2024-02-27,55.28,51.08,-0.0823,🔴 停損,8,62.0,51.08
6669,2024-02-16,2024-02-27,2228.48,1962.74,-0.1253,🔴 停損,7,2653.67,1962.74
3231,2024-02-19,2024-02-27,118.13,106.74,-0.1026,🔴 停損,6,136.35,106.74
2881,2024-02-20,2024-02-29,56.77,57.17,0.0001,🟡 移動停利,6,59.21,57.17
6239,2024-01-30,2024-03-01,136.03,141.8,0.0353,⚪ 時間到期,15,152.94,135.32
3017,2024-02-19,2024-03-07,499.2,590.01,0.1738,🟡 移動停利,12,588.27,590.01
1519,2024-02-23,2024-03-08,427.22,407.19,-0.0534,🟡 移動停利,9,503.85,407.19
2368,2024-02-27,2024-03-08,252.44,238.92,-0.06,🟡 移動停利,7,300.57,238.92
2454,2024-02-29,2024-03-08,1028.99,1106.67,0.0681,🟡 移動停利,6,1139.07,1106.67
6239,2024-03-01,2024-03-08,142.85,153.11,0.0645,🟡 移動停利,5,163.31,153.11
2449,2024-03-08,2024-03-11,112.71,103.18,-0.0908,🔴 停損,1,127.95,103.18
3036,2024-02-19,2024-03-12,145.37,142.03,-0.0297,⚪ 時間到期,15,181.0,138.95
2383,2024-02-20,2024-03-12,493.73,465.73,-0.0632,🟡 移動停利,14,579.44,465.73
2376,2024-02-26,2024-03-13,325.99,317.67,-0.0322,🟡 移動停利,11,388.49,317.67
2360,2024-03-08,2024-03-13,271.5,244.09,-0.1071,🔴 停損,3,315.36,244.09
2204,2024-03-08,2024-03-13,117.24,106.91,-0.0944,🔴 停損,3,133.77,106.91
2379,2024-02-27,2024-03-14,515.08,533.56,0.0288,🟡 移動停利,11,577.81,533.56
3017,2024-03-07,2024-03-14,624.74,570.23,-0.0935,🟡 移動停利,5,749.96,585.05
2603,2024-03-08,2024-03-14,148.63,149.2,-0.003,🟡 移動停利,4,166.61,149.2
2404,2024-03-12,2024-03-14,337.84,353.03,0.0378,🟡 移動停利,2,381.93,353.03
2454,2024-03-13,2024-03-15,1148.96,1046.4,-0.0955,🔴 停損,2,1306.98,1050.2
2404,2024-03-14,2024-03-15,379.16,331.15,-0.1326,🔴 停損,1,430.6,347.01
2603,2024-03-14,2024-03-15,158.54,140.23,-0.1215,🔴 停損,1,179.08,145.7
2404,2024-03-15,2024-03-20,331.48,370.5,0.1101,🟡 移動停利,3,389.72,370.5
2883,2024-03-15,2024-03-20,12.84,12.55,-0.0293,🟡 移動停利,3,13.65,12.55
2385,2024-03-12,2024-03-21,176.81,207.71,0.1667,🟡 移動停利,7,208.14,207.71
6239,2024-03-13,2024-03-21,161.96,174.98,0.073,🟡 移動停利,6,186.69,174.98
2385,2024-03-21,2024-03-22,223.68,196.81,-0.1261,🔴 停損,1,266.67,196.81
1519,2024-03-08,2024-03-26,437.74,610.38,0.3849,🟡 移動停利,12,530.69,610.38
2404,2024-03-20,2024-03-26,390.51,343.96,-0.1252,🔴 停損,4,464.99,343.96
1519,2024-03-26,2024-03-27,648.11,577.03,-0.1158,🔴 停損,1,761.84,577.03
3017,2024-03-14,2024-03-28,570.8,519.71,-0.0957,🟡 移動停利,10,728.44,519.71
1519,2024-03-27,2024-03-28,630.31,554.88,-0.1257,🔴 停損,1,750.99,554.88
3706,2024-03-28,2024-03-29,50.4,45.63,-0.101,🔴 停損,1,58.05,45.63
2449,2024-03-12,2024-04-01,100.5,97.14,-0.0401,🟡 移動停利,14,119.23,97.14
2360,2024-03-13,2024-04-03,250.98,242.15,-0.0418,⚪ 時間到期,15,301.42,225.89
2379,2024-03-14,2024-04-08,544.67,523.81,-0.0449,⚪ 時間到期,15,628.1,504.93
3533,2024-03-15,2024-04-09,1166.32,1556.72,0.3256,⚪ 時間到期,15,1413.1,1416.81
2317,2024-03-22,2024-04-11,135.62,142.01,0.04,🟡 移動停利,12,151.52,142.01
3533,2024-04-09,2024-04-11,1491.36,1423.02,-0.0523,🟡 移動停利,2,1774.05,1423.02
2603,2024-03-20,2024-04-12,147.8,145.59,-0.0217,⚪ 時間到期,15,173.95,133.38
1504,2024-04-03,2024-04-12,51.11,52.07,0.0119,🟡 移動停利,5,58.9,52.08
6239,2024-03-21,2024-04-15,181.98,169.53,-0.0748,⚪ 時間到期,15,214.16,163.5
1519,2024-03-29,2024-04-15,542.11,714.2,0.3084,🟡 移動停利,9,677.18,714.2
2382,2024-04-01,2024-04-15,272.47,251.92,-0.0817,🟡 移動停利,8,311.57,251.92
3706,2024-04-01,2024-04-16,46.89,41.77,-0.1154,🔴 停損,9,55.09,41.77
1504,2024-04-12,2024-04-16,52.12,52.76,0.0053,🟡 移動停利,2,59.57,52.76
2634,2024-04-12,2024-04-16,52.97,52.82,-0.0097,🟡 移動停利,2,59.61,52.82
1605,2024-04-15,2024-04-16,37.84,35.4,-0.0708,🔴 停損,1,41.74,35.4
1605,2024-04-16,2024-04-17,37.19,35.65,-0.0477,🟡 移動停利,1,41.24,35.92
2404,2024-03-26,2024-04-18,347.83,379.23,0.0828,⚪ 時間到期,15,437.64,337.61
4938,2024-04-08,2024-04-19,86.64,82.24,-0.0573,🟡 移動停利,9,98.99,82.24
2382,2024-04-15,2024-04-19,256.53,229.92,-0.1099,🔴 停損,4,299.1,229.92
2330,2024-04-17,2024-04-19,771.89,743.09,-0.0439,🟡 移動停利,2,828.22,747.5
3533,2024-04-11,2024-04-22,1462.68,1273.46,-0.1353,🔴 停損,7,1765.43,1273.46
1519,2024-04-15,2024-04-22,771.9,677.37,-0.1285,🟡 移動停利,5,960.73,677.37
3017,2024-04-16,2024-04-22,594.34,587.86,-0.0177,🟡 移動停利,4,735.42,589.82
6669,2024-04-19,2024-04-22,2348.03,2079.9,-0.1202,🔴 停損,1,2777.04,2079.9
1504,2024-04-16,2024-04-23,53.87,52.97,-0.0235,🟡 移動停利,5,62.46,52.97
1605,2024-04-19,2024-04-25,37.37,34.37,-0.0865,🔴 停損,4,42.17,34.37
2618,2024-04-25,2024-04-26,31.13,30.92,-0.0135,🟡 移動停利,1,34.17,31.17
2618,2024-04-26,2024-04-30,30.95,31.86,0.0223,🟡 移動停利,2,34.1,31.86
2317,2024-04-11,2024-05-03,144.09,146.77,0.0116,⚪ 時間到期,15,168.93,135.95
2609,2024-04-30,2024-05-03,46.13,43.78,-0.0574,🟡 移動停利,2,50.93,43.78
2634,2024-04-16,2024-05-08,55.05,51.58,-0.0693,🟡 移動停利,15,62.46,51.58
2404,2024-04-18,2024-05-10,385.51,338.17,-0.1288,🔴 停損,15,461.27,338.17
2885,2024-04-19,2024-05-13,26.57,28.13,0.0513,⚪ 時間到期,15,28.5,27.1
1519,2024-04-22,2024-05-13,752.48,615.78,-0.1873,🔴 停損,14,971.22,615.78
9945,2024-05-08,2024-05-13,39.4,38.24,-0.0361,🟡 移動停利,3,43.76,38.31
3017,2024-04-22,2024-05-14,588.45,631.95,0.0666,⚪ 時間到期,15,732.28,593.99
3533,2024-04-22,2024-05-14,1304.94,1465.99,0.1157,⚪ 時間到期,15,1619.15,1283.94
6669,2024-04-22,2024-05-14,2137.62,2360.02,0.0965,⚪ 時間到期,15,2591.47,2152.8
2615,2024-05-10,2024-05-14,56.76,66.5,0.1636,🟡 移動停利,2,63.95,66.5
1216,2024-04-23,2024-05-15,72.37,73.5,0.0088,⚪ 時間到期,15,77.46,70.51
9945,2024-05-13,2024-05-15,38.27,40.01,0.0382,🟡 移動停利,2,43.15,40.75
2610,2024-05-14,2024-05-20,21.53,21.65,-0.0014,🟡 移動停利,4,24.15,21.65
9945,2024-05-15,2024-05-20,40.05,42.09,0.0437,🟡 移動停利,3,45.84,42.09
2618,2024-05-03,2024-05-21,33.37,31.91,-0.0501,🟡 移動停利,12,37.43,31.91
6446,2024-05-20,2024-05-22,374.43,365.24,-0.0312,🟡 移動停利,2,424.52,365.24
6415,2024-05-03,2024-05-24,429.28,469.76,0.0868,⚪ 時間到期,15,514.65,419.85
2615,2024-05-14,2024-05-27,66.61,72.15,0.0757,🟡 移動停利,9,75.82,72.15
2891,2024-05-13,2024-05-29,33.57,32.76,-0.0306,🟡 移動停利,12,36.97,32.76
6415,2024-05-24,2024-05-30,461.84,454.24,-0.0232,🟡 移動停利,4,547.42,454.24
2609,2024-05-15,2024-05-31,61.44,64.88,0.0487,🟡 移動停利,12,70.87,64.88
2615,2024-05-27,2024-05-31,73.91,77.71,0.0442,🟡 移動停利,4,86.19,77.71
2637,2024-05-13,2024-06-03,62.92,65.24,0.0297,⚪ 時間到期,15,73.13,60.9
3017,2024-05-29,2024-06-03,773.81,717.81,-0.0787,🟡 移動停利,3,896.68,717.81
2615,2024-05-31,2024-06-03,85.0,76.03,-0.1116,🔴 停損,1,99.35,76.03
2609,2024-05-31,2024-06-03,69.89,62.24,-0.1154,🔴 停損,1,82.11,62.24
2603,2024-05-14,2024-06-04,170.1,174.05,0.0163,⚪ 時間到期,15,197.49,172.2
2317,2024-05-14,2024-06-04,160.1,160.88,-0.002,🟡 移動停利,15,182.68,160.88
6446,2024-05-22,2024-06-05,377.58,390.3,0.0266,🟡 移動停利,10,427.13,390.3
2105,2024-06-03,2024-06-05,55.61,52.38,-0.0644,🟡 移動停利,2,62.88,52.38
2105,2024-06-05,2024-06-06,53.96,49.32,-0.0922,🔴 停損,1,61.38,49.32
9945,2024-05-20,2024-06-11,43.65,42.81,-0.0259,⚪ 時間到期,15,50.39,41.49
2605,2024-05-30,2024-06-11,30.41,28.58,-0.0666,🟡 移動停利,7,35.64,28.58
2615,2024-06-03,2024-06-11,79.5,86.5,0.0806,🟡 移動停利,5,95.58,86.5
2609,2024-06-03,2024-06-11,64.84,66.15,0.0132,🟡 移動停利,5,78.64,66.15
3443,2024-05-21,2024-06-12,1434.37,1554.76,0.0765,⚪ 時間到期,15,1691.81,1447.81
2603,2024-06-04,2024-06-12,176.7,160.86,-0.0959,🟡 移動停利,5,213.0,160.86
2377,2024-06-04,2024-06-12,183.3,166.66,-0.097,🔴 停損,5,209.93,166.66
2615,2024-06-11,2024-06-12,94.38,82.13,-0.1357,🔴 停損,1,113.97,82.13
2609,2024-06-11,2024-06-12,73.54,64.01,-0.1356,🔴 停損,1,88.79,64.01
2357,2024-06-03,2024-06-25,479.89,464.72,-0.0382,⚪ 時間到期,15,557.04,431.68
2345,2024-06-06,2024-06-25,536.67,513.87,-0.049,🟡 移動停利,12,609.25,516.9
3443,2024-06-12,2024-06-25,1536.67,1490.88,-0.0364,🟡 移動停利,9,1803.67,1490.88
2454,2024-06-12,2024-06-25,1172.03,1263.05,0.0703,🟡 移動停利,9,1327.84,1285.52
4938,2024-06-12,2024-06-25,97.48,99.88,0.0176,🟡 移動停利,9,108.15,99.88
6446,2024-06-05,2024-06-26,392.43,445.54,0.1276,🟡 移動停利,14,446.74,454.31
6415,2024-06-11,2024-06-26,477.63,480.3,-0.0013,🟡 移動停利,11,573.56,480.3
9945,2024-06-11,2024-06-27,45.05,40.82,-0.1001,🔴 停損,12,51.82,40.82
2615,2024-06-12,2024-07-01,82.25,81.73,-0.0131,🟡 移動停利,13,103.57,81.73
2449,2024-06-25,2024-07-02,107.07,105.58,-0.0207,🟡 移動停利,5,122.8,105.58
2605,2024-06-12,2024-07-03,29.12,30.46,0.0389,⚪ 時間到期,15,35.21,26.93
6446,2024-06-26,2024-07-04,445.99,497.7,0.1083,🟡 移動停利,6,507.13,497.7
1519,2024-06-25,2024-07-08,727.4,747.39,0.0205,🟡 移動停利,9,863.68,747.39
2449,2024-07-02,2024-07-08,109.42,113.01,0.0257,🟡 移動停利,4,128.28,113.01
2327,2024-06-26,2024-07-11,147.2,153.39,0.035,🟡 移動停利,11,159.89,153.63
2881,2024-07-01,2024-07-11,68.64,77.25,0.1177,🟡 移動停利,8,72.68,77.91
2317,2024-06-25,2024-07-12,191.18,210.29,0.0924,🟡 移動停利,13,216.77,210.29
2449,2024-07-08,2024-07-12,114.12,117.18,0.0198,🟡 移動停利,4,135.3,117.18
2610,2024-07-03,2024-07-15,23.5,21.98,-0.0708,🔴 停損,8,25.92,21.98
2454,2024-06-25,2024-07-16,1264.32,1254.22,-0.0148,🟡 移動停利,15,1458.84,1254.22
2308,2024-06-25,2024-07-16,368.81,405.29,0.0914,⚪ 時間到期,15,415.86,397.99
2382,2024-07-11,2024-07-17,327.71,299.31,-0.0929,🔴 停損,4,373.14,299.31
2360,2024-06-27,2024-07-18,309.43,305.16,-0.0205,🟡 移動停利,15,360.22,305.16
2881,2024-07-11,2024-07-18,77.33,76.98,-0.0114,🟡 移動停利,5,82.32,76.98
3711,2024-07-12,2024-07-18,181.34,167.35,-0.0835,🔴 停損,4,203.73,167.35
2882,2024-07-15,2024-07-19,62.66,59.39,-0.0586,🟡 移動停利,4,68.09,59.39
2368,2024-07-16,2024-07-19,221.68,201.58,-0.0969,🟡 移動停利,3,255.04,201.58
3037,2024-07-18,2024-07-19,206.17,189.96,-0.085,🔴 停損,1,232.12,189.96
6446,2024-07-04,2024-07-22,520.24,552.38,0.0545,🟡 移動停利,12,600.36,552.38
1519,2024-07-08,2024-07-22,760.58,709.2,-0.0739,🟡 移動停利,10,906.23,709.2
2449,2024-07-12,2024-07-22,119.28,111.31,-0.0732,🟡 移動停利,6,144.41,111.31
2308,2024-07-16,2024-07-22,401.27,375.75,-0.07,🟡 移動停利,4,452.46,375.75
2327,2024-07-17,2024-07-22,159.53,149.53,-0.0691,🟡 移動停利,3,176.54,149.53
2881,2024-07-18,2024-07-22,77.76,74.08,-0.0539,🟡 移動停利,2,84.12,74.08
9945,2024-07-18,2024-07-22,47.33,45.09,-0.0538,🟡 移動停利,2,52.14,45.09
2882,2024-07-19,2024-07-22,61.43,57.74,-0.0664,🔴 停損,1,67.32,57.74
3481,2024-07-19,2024-07-26,15.62,14.07,-0.1052,🔴 停損,3,18.01,14.12
3037,2024-07-19,2024-07-26,203.21,184.23,-0.0996,🔴 停損,3,231.34,185.62
2449,2024-07-22,2024-07-26,115.59,98.87,-0.1505,🔴 停損,2,142.34,98.87
1216,2024-07-22,2024-07-26,80.93,82.5,0.0124,🟡 移動停利,2,86.91,82.5
3035,2024-07-23,2024-07-29,324.81,285.28,-0.1277,🔴 停損,2,388.06,285.28
9945,2024-07-22,2024-07-30,46.46,48.41,0.035,🟡 移動停利,4,52.06,48.41
3661,2024-07-26,2024-07-30,2660.9,2436.93,-0.0904,🟡 移動停利,2,3093.48,2436.93
3037,2024-07-26,2024-07-31,184.42,172.91,-0.0688,🟡 移動停利,3,216.75,172.91
1216,2024-07-29,2024-08-01,82.04,75.65,-0.0842,🔴 停損,3,89.37,77.47
2881,2024-07-22,2024-08-02,75.83,74.88,-0.0192,🟡 移動停利,7,82.87,74.88
2368,2024-07-26,2024-08-02,199.66,204.24,0.0159,🟡 移動停利,5,236.6,204.24
6446,2024-07-22,2024-08-05,586.85,557.49,-0.0565,🟡 移動停利,8,679.02,562.83
2883,2024-07-22,2024-08-05,14.88,14.18,-0.0537,🟡 移動停利,8,16.5,14.18
2886,2024-07-22,2024-08-05,37.75,37.35,-0.0173,🟡 移動停利,8,40.28,37.43
2882,2024-07-26,2024-08-05,56.68,55.67,-0.0246,🟡 移動停利,6,63.52,55.67
9945,2024-07-30,2024-08-05,48.78,45.25,-0.0786,🟡 移動停利,4,56.06,46.78
3481,2024-07-30,2024-08-05,14.61,14.24,-0.0318,🟡 移動停利,4,16.94,14.24
2327,2024-08-01,2024-08-05,158.33,141.24,-0.114,🔴 停損,2,180.84,144.26
2881,2024-08-02,2024-08-05,76.18,70.64,-0.079,🔴 停損,1,85.04,70.64
2368,2024-08-02,2024-08-05,210.91,186.29,-0.1228,🔴 停損,1,250.32,186.29
2881,2024-08-05,2024-08-06,74.85,69.18,-0.0822,🔴 停損,1,83.94,69.18
2327,2024-08-05,2024-08-06,141.38,126.82,-0.1092,🔴 停損,1,164.69,126.82
5871,2024-08-05,2024-08-06,135.08,126.86,-0.0673,🔴 停損,1,148.24,126.86
6446,2024-08-05,2024-08-15,558.05,589.64,0.0494,🟡 移動停利,8,670.63,589.64
1101,2024-08-07,2024-08-15,32.4,31.92,-0.0215,🟡 移動停利,6,34.88,31.92
4904,2024-07-31,2024-08-21,82.78,86.35,0.0359,⚪ 時間到期,15,93.7,80.0
9945,2024-08-05,2024-08-26,45.3,46.27,0.0144,⚪ 時間到期,15,53.64,43.9
3481,2024-08-05,2024-08-26,14.37,15.12,0.045,⚪ 時間到期,15,16.97,13.49
2412,2024-08-05,2024-08-26,117.1,119.39,0.0126,⚪ 時間到期,15,122.63,116.89
3045,2024-08-06,2024-08-27,101.88,107.54,0.0483,⚪ 時間到期,15,111.38,101.6
2886,2024-08-06,2024-08-27,36.98,38.27,0.0278,⚪ 時間到期,15,39.83,36.49
2881,2024-08-06,2024-08-27,72.55,81.5,0.1156,⚪ 時間到期,15,82.83,75.34
2308,2024-08-07,2024-08-28,368.81,393.5,0.0596,⚪ 時間到期,15,440.15,365.13
2887,2024-08-27,2024-08-28,18.98,17.94,-0.061,🔴 停損,1,20.64,17.94
6415,2024-08-26,2024-09-02,493.42,429.16,-0.1362,🔴 停損,5,596.25,429.16
2303,2024-08-15,2024-09-04,52.37,49.39,-0.0635,🟡 移動停利,14,58.12,49.39
2449,2024-08-26,2024-09-04,119.92,103.74,-0.1408,🔴 停損,7,145.81,103.74
2603,2024-08-26,2024-09-04,164.68,151.22,-0.088,🟡 移動停利,7,186.64,151.22
2377,2024-08-27,2024-09-04,177.56,164.19,-0.0816,🟡 移動停利,6,201.75,164.19
2383,2024-09-02,2024-09-04,466.85,461.6,-0.018,🟡 移動停利,2,528.99,461.6
6446,2024-08-15,2024-09-05,591.35,606.05,0.0178,⚪ 時間到期,15,725.51,575.25
3036,2024-09-04,2024-09-09,102.25,92.86,-0.098,🟡 移動停利,3,117.66,93.44
2301,2024-08-28,2024-09-10,101.66,93.0,-0.0914,🟡 移動停利,9,116.1,93.0
2368,2024-09-04,2024-09-10,205.53,190.41,-0.0799,🟡 移動停利,4,237.99,190.41
2618,2024-09-04,2024-09-10,33.03,32.41,-0.0255,🟡 移動停利,4,35.48,32.41
2357,2024-08-21,2024-09-11,499.05,497.6,-0.0097,⚪ 時間到期,15,580.97,485.41
2360,2024-09-10,2024-09-13,318.21,347.58,0.0848,🟡 移動停利,3,365.12,347.58
2884,2024-08-27,2024-09-18,26.43,26.6,-0.0007,⚪ 時間到期,15,28.78,25.51
2881,2024-08-28,2024-09-19,81.58,82.88,0.009,⚪ 時間到期,15,91.78,77.6
2449,2024-09-05,2024-09-24,111.25,102.73,-0.0829,🟡 移動停利,12,131.63,102.73
3045,2024-09-10,2024-09-25,109.57,109.52,-0.0073,🟡 移動停利,10,117.16,109.52
3044,2024-09-04,2024-09-26,194.91,192.8,-0.0176,⚪ 時間到期,15,219.95,182.91
2345,2024-09-04,2024-09-26,497.99,531.55,0.0601,🟡 移動停利,15,568.27,531.55
2615,2024-09-26,2024-09-30,96.98,97.96,0.0032,🟡 移動停利,2,108.38,97.96
2609,2024-09-26,2024-09-30,63.41,61.83,-0.0315,🟡 移動停利,2,69.7,61.83
2383,2024-09-09,2024-10-01,473.27,439.22,-0.0783,🟡 移動停利,15,537.26,439.22
1216,2024-09-11,2024-10-01,84.22,83.29,-0.0178,🟡 移動停利,13,90.65,83.29
2912,2024-09-18,2024-10-01,282.27,284.22,0.0,🟡 移動停利,9,300.33,284.22
2615,2024-09-30,2024-10-01,103.25,94.87,-0.0875,🔴 停損,1,116.67,94.87
2887,2024-09-10,2024-10-04,17.75,17.21,-0.0369,⚪ 時間到期,15,19.42,16.83
2360,2024-09-13,2024-10-04,355.79,347.15,-0.031,🟡 移動停利,12,410.4,347.15
4904,2024-09-19,2024-10-04,89.12,86.14,-0.04,🟡 移動停利,9,95.59,86.14
2603,2024-09-30,2024-10-04,182.49,161.04,-0.1236,🔴 停損,2,200.55,171.21
2615,2024-10-01,2024-10-04,96.5,86.09,-0.114,🔴 停損,1,111.25,87.28
2618,2024-10-01,2024-10-04,35.29,33.1,-0.0687,🔴 停損,1,37.91,33.66
5871,2024-10-01,2024-10-09,152.56,145.48,-0.0529,🟡 移動停利,4,168.87,145.48
6415,2024-10-04,2024-10-14,492.93,513.76,0.0351,🟡 移動停利,5,576.33,513.76
2002,2024-10-04,2024-10-14,23.43,22.32,-0.0539,🟡 移動停利,5,25.41,22.32
2360,2024-10-04,2024-10-16,359.7,371.53,0.0258,🟡 移動停利,7,430.01,374.88
2357,2024-09-24,2024-10-18,561.9,567.05,0.0023,⚪ 時間到期,15,631.74,539.58
3149,2024-09-25,2024-10-21,34.33,44.65,0.2916,⚪ 時間到期,15,43.42,41.82
1216,2024-10-01,2024-10-25,84.31,85.68,0.0092,⚪ 時間到期,15,91.29,82.76
2912,2024-10-04,2024-10-28,286.14,281.99,-0.0212,⚪ 時間到期,15,305.64,276.56
3481,2024-10-04,2024-10-28,14.45,14.8,0.0171,⚪ 時間到期,15,16.34,14.21
2882,2024-10-04,2024-10-28,62.66,65.73,0.0418,⚪ 時間到期,15,67.76,63.11
3017,2024-10-16,2024-10-29,660.88,629.99,-0.0533,🟡 移動停利,9,761.6,629.99
2317,2024-10-18,2024-10-29,202.84,200.95,-0.0161,🟡 移動停利,7,223.3,200.95
3533,2024-10-09,2024-11-01,1502.65,1622.6,0.0724,⚪ 時間到期,15,1810.65,1541.83
2454,2024-10-14,2024-11-01,1235.69,1149.64,-0.076,🟡 移動停利,13,1407.19,1160.24
3443,2024-10-25,2024-11-01,1271.56,1108.44,-0.1342,🔴 停損,4,1495.21,1131.78
3231,2024-10-28,2024-11-01,112.28,103.95,-0.0805,🔴 停損,3,124.17,104.85
2317,2024-10-29,2024-11-01,205.74,194.92,-0.0591,🟡 移動停利,2,225.81,195.4
3149,2024-10-21,2024-11-04,43.84,38.01,-0.1391,🟡 移動停利,9,55.83,38.01
6415,2024-10-14,2024-11-05,519.08,482.64,-0.0766,🟡 移動停利,15,622.3,482.64
3231,2024-11-01,2024-11-12,104.05,113.56,0.0839,🟡 移動停利,7,116.53,113.56
2449,2024-10-28,2024-11-14,127.15,122.87,-0.0402,🟡 移動停利,12,150.72,122.87
3037,2024-10-30,2024-11-14,158.21,162.13,0.0178,🟡 移動停利,10,181.72,162.13
3706,2024-11-12,2024-11-14,54.0,57.1,0.05,🟡 移動停利,2,59.06,59.6
2360,2024-11-01,2024-11-15,404.6,404.68,-0.0066,🟡 移動停利,10,483.88,404.87
2382,2024-11-01,2024-11-15,277.07,293.98,0.0538,🟡 移動停利,10,313.72,294.93
3149,2024-11-04,2024-11-18,38.89,33.86,-0.1354,🟡 移動停利,10,50.72,33.86
3706,2024-11-14,2024-11-18,57.15,61.28,0.0648,🟡 移動停利,2,63.7,61.28
6669,2024-11-15,2024-11-18,2230.63,2054.64,-0.0852,🔴 停損,1,2512.21,2054.64
2637,2024-10-28,2024-11-19,67.23,70.17,0.0366,⚪ 時間到期,15,76.4,67.0
3443,2024-11-05,2024-11-19,1197.92,1148.29,-0.048,🟡 移動停利,10,1416.66,1148.29
3706,2024-11-18,2024-11-19,61.92,60.57,-0.0285,🟡 移動停利,1,70.31,60.57
3706,2024-11-19,2024-11-21,61.11,65.28,0.0608,🟡 移動停利,2,69.98,66.3
3533,2024-11-01,2024-11-22,1551.28,1705.19,0.0917,⚪ 時間到期,15,1877.74,1554.59
2610,2024-11-01,2024-11-22,21.32,23.7,0.1044,⚪ 時間到期,15,23.09,22.74
2603,2024-11-14,2024-11-25,192.05,196.8,0.0177,🟡 移動停利,7,211.93,196.8
2618,2024-11-18,2024-11-25,39.53,37.93,-0.047,🔴 停損,5,42.09,37.93
9904,2024-11-15,2024-11-26,41.34,39.94,-0.0404,🟡 移動停利,7,45.56,39.94
3037,2024-11-14,2024-11-27,166.62,149.33,-0.1099,🔴 停損,9,194.28,149.33
6669,2024-11-18,2024-11-27,2094.56,1985.65,-0.0585,🟡 移動停利,7,2393.62,1992.94
2609,2024-11-19,2024-11-27,65.29,66.54,0.0121,🟡 移動停利,6,73.23,66.54
2603,2024-11-25,2024-11-27,205.96,193.15,-0.0686,🔴 停損,2,226.45,193.15
3661,2024-11-19,2024-11-28,2280.7,2116.2,-0.0785,🟡 移動停利,7,2682.89,2116.2
3706,2024-11-21,2024-11-28,65.34,71.81,0.0914,🟡 移動停利,5,75.9,71.81
2404,2024-11-22,2024-11-29,398.41,393.93,-0.018,🟡 移動停利,5,440.33,393.93
2204,2024-11-22,2024-11-29,78.88,77.68,-0.022,🟡 移動停利,5,90.02,77.68
2345,2024-11-25,2024-12-02,638.3,642.6,-0.0001,🟡 移動停利,5,735.82,651.73
2610,2024-11-27,2024-12-03,23.92,24.38,0.0122,🟡 移動停利,4,25.88,24.89
2618,2024-11-28,2024-12-09,39.29,42.69,0.0789,🟡 移動停利,7,42.45,43.39
3706,2024-11-28,2024-12-10,76.77,74.31,-0.0387,🟡 移動停利,8,91.53,74.31
2404,2024-11-29,2024-12-11,394.56,428.78,0.0793,🟡 移動停利,8,442.53,429.08
2204,2024-11-29,2024-12-16,77.95,70.96,-0.096,🟡 移動停利,11,91.54,70.96
3706,2024-12-10,2024-12-16,79.65,67.37,-0.16,🔴 停損,4,99.31,67.37
9904,2024-11-26,2024-12-17,40.76,40.06,-0.0241,⚪ 時間到期,15,45.59,39.23
2609,2024-11-27,2024-12-18,68.34,70.69,0.0273,⚪ 時間到期,15,76.91,69.01
2603,2024-11-27,2024-12-18,196.4,198.81,0.0053,⚪ 時間到期,15,218.28,192.95
2356,2024-11-27,2024-12-18,48.79,47.25,-0.0382,⚪ 時間到期,15,56.15,44.81
2891,2024-12-18,2024-12-20,37.65,36.31,-0.0423,🔴 停損,2,39.81,36.31
2345,2024-12-02,2024-12-23,643.24,753.15,0.1629,⚪ 時間到期,15,746.29,712.43
2383,2024-12-03,2024-12-24,499.95,587.29,0.1667,⚪ 時間到期,15,561.14,574.71
3443,2024-12-18,2024-12-24,1453.21,1303.01,-0.1095,🔴 停損,4,1693.54,1303.01
6669,2024-12-09,2024-12-30,2429.88,2476.0,0.012,⚪ 時間到期,15,2836.72,2386.79
6285,2024-12-23,2024-12-30,134.97,129.67,-0.0458,🟡 移動停利,5,151.67,129.67
2404,2024-12-11,2025-01-02,429.2,439.59,0.0172,🟡 移動停利,15,490.35,439.59
3661,2024-12-16,2025-01-02,2959.95,3080.2,0.0335,🟡 移動停利,12,3380.96,3080.2
2368,2024-12-16,2025-01-07,230.98,229.77,-0.012,⚪ 時間到期,15,263.83,223.41
2610,2024-12-17,2025-01-08,24.89,25.1,0.0018,⚪ 時間到期,15,27.52,24.23
2618,2024-12-18,2025-01-09,42.16,43.16,0.0165,⚪ 時間到期,15,47.1,41.72
6669,2024-12-30,2025-01-09,2517.35,2522.73,-0.0047,🟡 移動停利,7,2939.73,2522.73
6285,2024-12-30,2025-01-09,132.09,122.18,-0.0813,🟡 移動停利,7,150.8,122.18
2891,2024-12-20,2025-01-10,36.8,36.37,-0.0185,🟡 移動停利,14,38.95,36.37
2345,2024-12-24,2025-01-10,757.85,713.17,-0.0654,🟡 移動停利,12,889.73,713.17
2383,2024-12-24,2025-01-13,602.7,571.44,-0.0584,🟡 移動停利,13,689.66,571.44
3661,2025-01-02,2025-01-13,3227.68,2857.93,-0.1206,🔴 停損,7,3798.28,2871.06
2379,2025-01-02,2025-01-13,536.95,496.4,-0.0818,🔴 停損,7,596.02,500.03
2368,2025-01-07,2025-01-13,232.44,201.41,-0.1394,🟡 移動停利,4,274.1,213.51
6669,2025-01-09,2025-01-13,2648.57,2389.44,-0.104,🔴 停損,2,3063.18,2389.44
6446,2025-01-08,2025-02-03,648.96,599.75,-0.0821,🟡 移動停利,11,731.14,607.73
2454,2025-01-13,2025-02-03,1381.92,1366.1,-0.0182,🟡 移動停利,8,1534.19,1371.95
2377,2025-01-13,2025-02-03,176.59,172.08,-0.0322,🟡 移動停利,8,197.03,179.07
3661,2025-01-13,2025-02-03,2860.79,2798.49,-0.0285,🟡 移動停利,8,3462.09,2799.11
3711,2025-01-13,2025-02-03,160.12,155.14,-0.0377,🟡 移動停利,8,177.17,161.34
2383,2025-01-13,2025-02-03,580.97,550.77,-0.0584,🟡 移動停利,8,670.99,552.75
2404,2025-01-10,2025-02-04,475.88,468.07,-0.0231,🟡 移動停利,10,546.83,468.07
6770,2025-02-04,2025-02-05,20.27,18.35,-0.1008,🔴 停損,1,23.34,18.35
2618,2025-01-09,2025-02-07,44.38,42.5,-0.0487,🟡 移動停利,14,49.03,42.5
6285,2025-01-09,2025-02-10,125.84,137.71,0.0868,⚪ 時間到期,15,145.71,132.49
5876,2025-01-10,2025-02-11,38.92,42.29,0.0792,⚪ 時間到期,15,42.55,40.65
6446,2025-02-03,2025-02-12,600.35,652.8,0.0799,🟡 移動停利,7,678.94,657.64
6446,2025-02-12,2025-02-18,653.46,645.61,-0.0188,🟡 移動停利,4,737.44,663.26
1519,2025-02-03,2025-02-20,483.12,510.4,0.0492,🟡 移動停利,13,558.52,510.73
3661,2025-02-10,2025-02-20,3554.91,3346.43,-0.0651,🟡 移動停利,8,4199.8,3346.43
2344,2025-02-18,2025-02-20,18.37,17.98,-0.028,🟡 移動停利,2,20.88,17.98
2408,2025-02-20,2025-02-21,40.34,38.11,-0.0617,🟡 移動停利,1,47.44,38.11
2454,2025-02-03,2025-02-24,1367.47,1486.36,0.0795,⚪ 時間到期,15,1529.64,1409.05
3034,2025-02-03,2025-02-24,494.18,523.06,0.0512,⚪ 時間到期,15,530.85,504.87
2880,2025-02-03,2025-02-24,26.51,26.15,-0.0203,⚪ 時間到期,15,28.03,25.77
2474,2025-02-03,2025-02-24,185.15,195.37,0.048,⚪ 時間到期,15,194.99,190.17
2408,2025-02-21,2025-02-25,38.44,39.24,0.014,🟡 移動停利,2,45.89,39.24
6770,2025-02-05,2025-02-26,18.82,18.5,-0.0237,⚪ 時間到期,15,22.23,17.02
2637,2025-02-26,2025-02-27,72.98,71.69,-0.0244,🟡 移動停利,1,82.84,71.69
2395,2025-02-07,2025-03-03,400.2,390.54,-0.0308,⚪ 時間到期,15,451.89,378.72
1605,2025-02-20,2025-03-03,28.16,25.97,-0.0841,🟡 移動停利,6,32.18,26.73
1519,2025-02-24,2025-03-03,571.86,540.84,-0.0607,🟡 移動停利,4,653.25,542.8
2408,2025-02-25,2025-03-03,39.84,38.01,-0.0524,🟡 移動停利,3,47.74,38.01
2357,2025-02-24,2025-03-04,673.33,628.89,-0.0724,🔴 停損,5,737.46,633.25
6285,2025-02-11,2025-03-05,138.81,140.59,0.0059,⚪ 時間到期,15,161.65,129.67
6415,2025-02-24,2025-03-07,460.86,415.94,-0.1036,🔴 停損,8,532.73,415.94
3023,2025-02-27,2025-03-07,301.74,275.6,-0.0929,🔴 停損,5,341.45,276.91
1519,2025-03-03,2025-03-11,541.38,523.49,-0.0397,🟡 移動停利,6,630.75,523.49
2344,2025-02-20,2025-03-12,19.12,18.95,-0.0156,🟡 移動停利,13,21.86,19.17
2637,2025-03-04,2025-03-12,70.77,69.98,-0.0179,🟡 移動停利,6,83.09,69.98
2615,2025-03-05,2025-03-12,81.73,79.24,-0.0371,🟡 移動停利,5,91.36,79.4
1101,2025-03-07,2025-03-13,33.41,32.32,-0.0391,🟡 移動停利,4,36.24,32.32
2002,2025-02-24,2025-03-18,22.59,23.75,0.0441,⚪ 時間到期,15,25.17,22.88
2606,2025-03-03,2025-03-24,66.32,67.01,0.0035,⚪ 時間到期,15,77.77,65.61
2408,2025-03-03,2025-03-24,38.14,42.3,0.1015,⚪ 時間到期,15,47.37,40.28
1605,2025-03-03,2025-03-24,26.0,25.11,-0.0409,⚪ 時間到期,15,30.76,24.58
1519,2025-03-11,2025-03-24,524.35,467.16,-0.1152,🔴 停損,9,615.87,467.16
2344,2025-03-12,2025-03-25,18.97,19.44,0.0179,🟡 移動停利,9,23.04,19.44
2637,2025-03-12,2025-03-25,74.92,66.34,-0.1206,🟡 移動停利,9,90.37,66.34
1301,2025-03-12,2025-03-27,38.39,37.49,-0.0303,🟡 移動停利,11,43.96,37.49
3023,2025-03-07,2025-03-28,275.87,256.16,-0.0778,🟡 移動停利,15,319.99,256.16
2634,2025-03-25,2025-03-28,52.32,50.5,-0.0414,🟡 移動停利,3,58.09,50.5
3481,2025-03-18,2025-03-31,14.54,13.8,-0.0574,🟡 移動停利,9,16.09,13.97
2408,2025-03-24,2025-03-31,44.64,37.5,-0.1658,🔴 停損,5,55.57,37.81
2609,2025-03-24,2025-03-31,69.24,66.11,-0.0517,🟡 移動停利,5,75.56,66.11
2344,2025-03-25,2025-03-31,20.11,17.65,-0.1287,🔴 停損,4,24.06,17.65
6285,2025-03-27,2025-03-31,145.05,133.09,-0.0887,🟡 移動停利,2,166.26,133.09
2303,2025-03-13,2025-04-01,42.03,43.16,0.0198,🟡 移動停利,13,45.12,43.16
3034,2025-03-31,2025-04-02,522.63,507.9,-0.0348,🟡 移動停利,2,557.5,507.9
2385,2025-03-24,2025-04-07,153.15,133.92,-0.1315,🟡 移動停利,8,170.35,144.01
2606,2025-03-24,2025-04-07,67.36,55.19,-0.1862,🟡 移動停利,8,80.87,59.51
2634,2025-03-28,2025-04-07,50.58,45.49,-0.1067,🟡 移動停利,4,57.25,49.54
2603,2025-03-28,2025-04-07,193.79,177.54,-0.0901,🟡 移動停利,4,212.02,185.68
3481,2025-03-31,2025-04-07,13.82,12.8,-0.0796,🟡 移動停利,3,15.42,13.26
2609,2025-03-31,2025-04-07,66.37,62.45,-0.0655,🟡 移動停利,3,72.37,65.6
2412,2025-04-01,2025-04-07,124.33,118.43,-0.054,🟡 移動停利,2,128.76,122.4
2303,2025-04-02,2025-04-07,43.07,38.28,-0.1172,🔴 停損,1,46.84,40.71
2408,2025-03-31,2025-04-08,37.54,34.9,-0.0766,🟡 移動停利,4,47.49,35.53
2344,2025-03-31,2025-04-08,17.72,15.27,-0.1444,🟡 移動停利,4,21.62,16.31
3045,2025-04-10,2025-04-15,111.49,109.82,-0.0217,🟡 移動停利,3,120.13,109.82
2634,2025-04-08,2025-04-22,43.6,43.65,-0.0058,🟡 移動停利,10,53.68,43.65
2408,2025-04-08,2025-04-29,34.93,37.2,0.0576,⚪ 時間到期,15,45.99,34.89
2412,2025-04-09,2025-04-30,121.44,124.69,0.0197,⚪ 時間到期,15,127.79,120.71
2404,2025-04-11,2025-05-05,411.4,411.59,-0.0064,🟡 移動停利,15,498.89,411.59
2303,2025-04-14,2025-05-06,42.13,42.65,0.0055,⚪ 時間到期,15,47.94,39.44
6415,2025-04-15,2025-05-07,422.72,413.87,-0.0276,⚪ 時間到期,15,525.63,390.69
3045,2025-04-15,2025-05-07,110.53,110.9,-0.0035,⚪ 時間到期,15,120.8,107.36
2615,2025-04-16,2025-05-08,79.61,81.46,0.0162,⚪ 時間到期,15,96.06,73.11
2609,2025-04-17,2025-05-09,64.13,64.33,-0.0037,⚪ 時間到期,15,75.65,59.46
2474,2025-04-21,2025-05-13,200.78,209.09,0.0343,⚪ 時間到期,15,231.05,193.48
2634,2025-04-25,2025-05-19,45.59,45.25,-0.0142,⚪ 時間到期,15,57.01,39.81
2408,2025-04-29,2025-05-21,37.44,43.65,0.158,⚪ 時間到期,15,48.94,39.41
2412,2025-04-30,2025-05-22,124.33,128.06,0.0229,⚪ 時間到期,15,132.8,122.76
2615,2025-05-09,2025-05-22,81.93,109.9,0.3322,🟡 移動停利,9,95.87,113.24
2615,2025-05-22,2025-05-23,110.01,119.91,0.0826,🟡 移動停利,1,124.06,119.91
6669,2025-05-05,2025-05-26,2016.8,2301.22,0.1332,⚪ 時間到期,15,2415.87,2090.64
2615,2025-05-23,2025-05-26,124.0,113.75,-0.089,🔴 停損,1,140.41,113.75
2383,2025-05-06,2025-05-27,604.68,696.86,0.1446,⚪ 時間到期,15,729.84,640.35
2615,2025-05-26,2025-05-27,122.55,111.38,-0.0974,🔴 停損,1,140.43,111.38
2368,2025-05-07,2025-05-28,214.34,241.01,0.1168,⚪ 時間到期,15,261.56,220.3
3231,2025-05-07,2025-05-28,102.6,111.68,0.0811,⚪ 時間到期,15,122.95,100.9
2603,2025-05-19,2025-05-28,225.95,214.6,-0.0567,🟡 移動停利,7,250.69,214.6
3017,2025-05-08,2025-05-29,520.97,614.62,0.1717,⚪ 時間到期,15,622.88,556.88
2882,2025-05-26,2025-05-29,62.09,57.06,-0.0872,🔴 停損,3,70.13,57.06
3036,2025-05-13,2025-06-04,112.01,117.0,0.0375,⚪ 時間到期,15,127.16,108.46
2615,2025-05-27,2025-06-05,111.94,102.54,-0.0903,🟡 移動停利,6,131.43,102.54
2603,2025-05-28,2025-06-06,221.6,205.54,-0.0788,🟡 移動停利,6,248.34,205.54
2609,2025-05-29,2025-06-06,72.38,65.73,-0.098,🟡 移動停利,5,83.04,65.73
2383,2025-05-27,2025-06-10,701.51,821.23,0.1627,🟡 移動停利,9,800.61,826.41
2345,2025-05-21,2025-06-12,698.57,784.74,0.1157,⚪ 時間到期,15,811.99,730.63
3017,2025-05-29,2025-06-12,619.21,716.73,0.1496,🟡 移動停利,9,694.45,721.25
3661,2025-05-22,2025-06-13,2905.41,2624.51,-0.1029,🟡 移動停利,15,3413.59,2624.51
2368,2025-05-28,2025-06-18,243.21,258.18,0.0543,🟡 移動停利,14,283.79,258.18
2383,2025-06-10,2025-06-18,822.05,829.49,0.0022,🟡 移動停利,6,919.37,829.49
6669,2025-05-28,2025-06-19,2322.96,2456.58,0.0503,⚪ 時間到期,15,2665.72,2320.04
3017,2025-06-12,2025-06-20,717.45,715.24,-0.0099,🟡 移動停利,6,795.96,715.24
3706,2025-06-13,2025-06-23,60.48,55.84,-0.0831,🟡 移動停利,6,70.19,56.06
1519,2025-06-19,2025-06-23,540.49,491.59,-0.0967,🔴 停損,2,606.93,498.96
2408,2025-06-04,2025-06-24,46.35,55.56,0.1907,🟡 移動停利,14,55.85,55.56
2615,2025-06-05,2025-06-26,105.67,93.5,-0.1212,⚪ 時間到期,15,129.98,90.47
2882,2025-06-06,2025-06-27,61.62,64.4,0.038,⚪ 時間到期,15,71.21,59.92
3231,2025-06-06,2025-06-27,111.61,121.0,0.0767,⚪ 時間到期,15,124.76,118.78
2404,2025-06-12,2025-06-27,571.63,588.24,0.022,🟡 移動停利,11,653.35,588.24
6669,2025-06-26,2025-06-27,2727.72,2541.74,-0.0746,🔴 停損,1,3025.3,2541.74
2368,2025-06-18,2025-06-30,262.78,276.0,0.0431,🟡 移動停利,8,305.22,276.98
2408,2025-06-24,2025-06-30,59.76,52.26,-0.1315,🔴 停損,4,71.76,52.26
2360,2025-06-27,2025-07-03,417.42,431.35,0.0263,🟡 移動停利,4,468.86,431.35
2308,2025-06-30,2025-07-03,420.92,431.5,0.0181,🟡 移動停利,3,455.88,438.15
2344,2025-06-27,2025-07-04,21.11,19.11,-0.1008,🟡 移動停利,5,24.43,19.11
1519,2025-06-23,2025-07-08,492.08,483.37,-0.0244,🟡 移動停利,11,563.99,483.37
3231,2025-06-27,2025-07-08,125.12,116.27,-0.0771,🔴 停損,7,139.29,116.27
2383,2025-06-18,2025-07-09,844.77,944.61,0.1105,⚪ 時間到期,15,963.61,878.23
2308,2025-07-04,2025-07-10,451.95,458.0,0.0065,🟡 移動停利,4,491.59,460.72
3017,2025-06-20,2025-07-11,734.32,819.83,0.1088,⚪ 時間到期,15,822.35,785.63
2408,2025-06-30,2025-07-11,53.55,45.64,-0.1536,🔴 停損,9,66.21,45.64
3044,2025-06-23,2025-07-14,222.28,236.5,0.0567,⚪ 時間到期,15,247.79,229.05
3037,2025-07-14,2025-07-15,123.62,120.0,-0.0359,🟡 移動停利,1,142.75,120.04
2404,2025-07-09,2025-07-17,653.43,691.0,0.0503,🟡 移動停利,6,738.03,701.12
2882,2025-06-27,2025-07-18,63.14,62.6,-0.0153,⚪ 時間到期,15,71.69,59.35
2884,2025-07-08,2025-07-21,32.5,32.76,0.0011,🟡 移動停利,9,34.17,32.76
3706,2025-07-03,2025-07-22,64.8,68.33,0.0473,🟡 移動停利,13,73.92,68.75
3037,2025-07-15,2025-07-22,120.12,129.23,0.0685,🟡 移動停利,5,139.75,129.23
2360,2025-07-03,2025-07-23,434.93,412.24,-0.0587,🟡 移動停利,14,496.95,412.24
2887,2025-07-18,2025-07-24,17.23,15.56,-0.1032,🔴 停損,4,18.95,16.15
1519,2025-07-08,2025-07-29,485.81,656.0,0.3411,⚪ 時間到期,15,563.62,625.37
2884,2025-07-21,2025-07-29,33.27,32.14,-0.0404,🟡 移動停利,6,35.2,32.14
3706,2025-07-23,2025-07-29,73.71,66.92,-0.0983,🔴 停損,4,84.57,66.92
1301,2025-07-24,2025-07-30,40.64,39.05,-0.0457,🟡 移動停利,4,45.43,39.65
1303,2025-07-29,2025-07-30,37.34,36.34,-0.0333,🟡 移動停利,1,42.07,36.34
2368,2025-07-10,2025-07-31,318.32,374.5,0.1685,⚪ 時間到期,15,365.34,350.61
1303,2025-07-30,2025-07-31,36.44,38.7,0.0549,🟡 移動停利,1,41.27,38.78
3661,2025-07-11,2025-08-04,3391.3,3719.76,0.0894,⚪ 時間到期,15,3897.5,3646.09
2308,2025-07-11,2025-08-04,471.47,593.0,0.2492,⚪ 時間到期,15,520.22,563.53
1301,2025-07-31,2025-08-04,43.19,39.55,-0.0906,🔴 停損,1,49.02,39.55
2404,2025-07-17,2025-08-08,691.69,932.0,0.3382,🟡 移動停利,15,775.52,932.6
3017,2025-07-29,2025-08-08,867.29,1012.27,0.1592,🟡 移動停利,7,976.53,1012.27
1303,2025-07-31,2025-08-11,38.74,36.5,-0.0642,🟡 移動停利,6,44.07,36.87
3037,2025-07-22,2025-08-13,134.13,138.0,0.0218,⚪ 時間到期,15,156.19,131.21
2383,2025-07-22,2025-08-13,1012.74,1184.46,0.1616,⚪ 時間到期,15,1144.21,1117.09
2404,2025-08-08,2025-08-13,932.93,973.0,0.0358,🟡 移動停利,3,1047.37,1003.48
1519,2025-07-29,2025-08-14,650.65,638.46,-0.0254,🟡 移動停利,11,742.71,638.46
3017,2025-08-08,2025-08-18,1036.97,1075.59,0.0301,🟡 移動停利,6,1163.47,1080.79
3661,2025-08-04,2025-08-19,3802.81,4099.29,0.0706,🟡 移動停利,11,4328.83,4099.29
1303,2025-08-11,2025-08-19,36.54,42.88,0.1655,🟡 移動停利,6,43.93,42.88
2368,2025-07-31,2025-08-20,354.35,450.0,0.2612,🟡 移動停利,13,402.85,461.69
2308,2025-08-04,2025-08-20,579.58,628.0,0.0761,🟡 移動停利,12,645.88,653.56
2404,2025-08-13,2025-08-20,973.97,1038.46,0.0589,🟡 移動停利,5,1104.43,1038.46
2449,2025-08-13,2025-08-20,142.14,130.06,-0.0912,🟡 移動停利,5,163.64,130.06
3044,2025-08-13,2025-08-20,330.83,311.25,-0.0656,🟡 移動停利,5,376.03,311.25
1303,2025-08-19,2025-08-20,47.1,40.74,-0.1408,🔴 停損,1,57.26,40.74
2345,2025-08-19,2025-08-20,1076.07,967.0,-0.1075,🔴 停損,1,1227.73,981.29
2889,2025-08-04,2025-08-25,14.41,15.65,0.0783,⚪ 時間到期,15,16.73,14.85
2368,2025-08-20,2025-09-01,450.45,468.25,0.0324,🟡 移動停利,8,523.65,468.25
6669,2025-08-20,2025-09-01,3198.2,2927.57,-0.0909,🔴 停損,8,3631.2,2927.57
2345,2025-08-20,2025-09-01,967.97,948.81,-0.0265,🟡 移動停利,8,1129.88,948.81
3017,2025-08-20,2025-09-01,1021.02,979.01,-0.0477,🟡 移動停利,8,1198.61,979.01
2317,2025-08-20,2025-09-01,206.21,198.25,-0.0452,🟡 移動停利,8,225.01,198.25
2634,2025-08-25,2025-09-01,49.05,59.11,0.1969,🟡 移動停利,5,57.83,59.11
1303,2025-08-20,2025-09-02,41.14,39.53,-0.0458,🟡 移動停利,9,52.3,39.53
2404,2025-08-20,2025-09-02,1051.05,1145.62,0.0825,🟡 移動停利,9,1210.05,1145.62
3706,2025-09-01,2025-09-02,97.5,86.55,-0.1183,🔴 停損,1,115.01,86.55
2368,2025-09-01,2025-09-02,500.0,447.37,-0.1114,🔴 停損,1,584.2,447.37
1326,2025-08-14,2025-09-03,28.93,29.09,-0.0014,🟡 移動停利,14,34.79,29.09
2308,2025-08-21,2025-09-03,620.62,675.12,0.0804,🟡 移動停利,9,708.42,675.12
2404,2025-09-02,2025-09-03,1226.22,1080.0,-0.1253,🔴 停損,1,1435.02,1095.72
2634,2025-09-01,2025-09-04,63.06,64.58,0.0171,🟡 移動停利,3,74.13,64.58
2308,2025-09-03,2025-09-09,683.68,729.0,0.059,🟡 移動停利,4,780.08,737.75
3481,2025-09-02,2025-09-11,13.89,12.91,-0.0771,🔴 停損,7,15.47,12.91
3706,2025-09-02,2025-09-15,93.69,85.45,-0.0943,🟡 移動停利,9,112.18,85.45
2368,2025-09-02,2025-09-15,466.47,454.88,-0.0315,🟡 移動停利,9,557.87,454.88
1504,2025-09-01,2025-09-16,67.77,87.3,0.2794,🟡 移動停利,11,81.05,87.3
2344,2025-09-09,2025-09-16,24.3,26.36,0.0776,🟡 移動停利,5,27.79,26.57
2360,2025-09-01,2025-09-22,580.58,595.0,0.0178,⚪ 時間到期,15,669.08,561.69
2449,2025-09-01,2025-09-22,162.16,171.0,0.0473,⚪ 時間到期,15,187.36,163.75
2301,2025-09-15,2025-09-22,165.2,165.53,-0.0049,🟡 移動停利,5,190.63,166.33
2404,2025-09-03,2025-09-23,1081.08,975.75,-0.1036,🟡 移動停利,14,1311.88,975.75
1303,2025-09-03,2025-09-24,40.59,38.6,-0.0555,⚪ 時間到期,15,51.29,35.76
2634,2025-09-04,2025-09-24,69.67,61.73,-0.1201,🔴 停損,14,82.38,61.73
2408,2025-09-15,2025-09-24,60.16,77.62,0.2815,🟡 移動停利,7,71.16,77.62
2344,2025-09-16,2025-09-25,26.39,34.02,0.2805,🟡 移動停利,7,30.55,34.06
2301,2025-09-22,2025-09-25,165.69,168.29,0.0087,🟡 移動停利,3,194.28,168.29
2308,2025-09-11,2025-09-26,825.82,844.25,0.0153,🟡 移動停利,11,942.22,844.25
1504,2025-09-16,2025-09-26,89.19,97.22,0.0826,🟡 移動停利,8,106.43,97.22
6770,2025-09-22,2025-09-26,22.07,22.73,0.0228,🟡 移動停利,4,25.22,22.73
2449,2025-09-22,2025-09-26,175.18,156.99,-0.11,🔴 停損,4,204.27,156.99
6239,2025-09-23,2025-09-26,152.15,140.21,-0.0848,🔴 停損,3,171.25,140.21
2408,2025-09-24,2025-09-26,80.28,70.62,-0.1264,🔴 停損,2,95.74,70.62
2324,2025-09-26,2025-09-30,34.78,31.79,-0.0921,🔴 停損,1,39.55,31.79
6770,2025-09-26,2025-10-01,22.77,25.29,0.1031,🟡 移動停利,2,26.94,25.29
6770,2025-10-01,2025-10-03,25.43,27.16,0.0608,🟡 移動停利,2,30.14,27.16
2327,2025-09-24,2025-10-13,176.41,173.26,-0.0246,🟡 移動停利,10,200.24,175.24
1504,2025-09-26,2025-10-13,98.7,101.0,0.0163,🟡 移動停利,8,118.6,107.06
2308,2025-09-26,2025-10-13,867.87,968.0,0.1078,🟡 移動停利,8,991.07,968.0
6239,2025-09-26,2025-10-13,149.65,149.38,-0.0087,🟡 移動停利,8,169.85,149.38
6770,2025-10-03,2025-10-13,27.53,27.55,-0.006,🟡 移動停利,4,33.1,28.52
2344,2025-09-25,2025-10-14,34.06,41.15,0.2001,🟡 移動停利,10,40.71,41.15
2408,2025-09-26,2025-10-14,75.07,90.39,0.1957,🟡 移動停利,9,92.05,90.39
3481,2025-10-13,2025-10-15,14.68,14.03,-0.0504,🟡 移動停利,2,16.62,14.03
2301,2025-09-25,2025-10-21,172.08,162.58,-0.0617,⚪ 時間到期,15,205.58,153.92
2634,2025-09-25,2025-10-21,61.06,55.9,-0.0908,⚪ 時間到期,15,75.82,51.84
1504,2025-10-13,2025-10-22,101.1,111.2,0.0924,🟡 移動停利,7,127.18,111.2
2324,2025-09-30,2025-10-23,32.7,33.78,0.0259,⚪ 時間到期,15,37.96,32.13
2327,2025-10-13,2025-10-23,173.43,206.02,0.1798,🟡 移動停利,8,206.79,206.02
3443,2025-10-23,2025-10-28,1639.18,1515.6,-0.0817,🟡 移動停利,2,1905.96,1515.6
2308,2025-10-13,2025-10-31,968.97,1000.0,0.025,🟡 移動停利,13,1103.17,1001.12
6239,2025-10-13,2025-11-03,150.15,169.94,0.124,🟡 移動停利,14,175.05,169.94
2408,2025-10-14,2025-11-04,98.2,132.15,0.3365,🟡 移動停利,14,119.56,132.15
6770,2025-10-14,2025-11-04,30.63,29.53,-0.0425,🟡 移動停利,14,37.94,29.53
2327,2025-10-23,2025-11-04,206.23,239.03,0.1512,🟡 移動停利,7,239.99,239.03
2344,2025-10-15,2025-11-05,41.28,48.35,0.1633,🟡 移動停利,14,52.35,50.28
2360,2025-10-28,2025-11-05,732.73,738.0,0.0003,🟡 移動停利,6,860.13,760.38
2327,2025-11-04,2025-11-05,252.94,223.4,-0.1228,🔴 停損,1,296.13,225.95
3711,2025-11-04,2025-11-11,248.75,226.5,-0.0957,🔴 停損,5,284.35,226.5
1605,2025-10-21,2025-11-12,30.49,30.9,0.0066,⚪ 時間到期,15,37.65,26.96
6669,2025-10-21,2025-11-12,3948.94,4560.0,0.1468,⚪ 時間到期,15,4532.94,4360.0
1504,2025-10-22,2025-11-13,112.11,110.5,-0.0211,⚪ 時間到期,15,143.99,101.58
2408,2025-11-04,2025-11-13,141.14,158.25,0.1136,🟡 移動停利,7,173.54,158.25
1519,2025-11-04,2025-11-13,800.8,737.18,-0.0857,🔴 停損,7,902.6,737.18
3017,2025-10-31,2025-11-14,1441.44,1425.5,-0.0178,🟡 移動停利,10,1696.64,1425.5
2344,2025-11-05,2025-11-14,48.4,59.69,0.2249,🟡 移動停利,7,60.99,60.87
1303,2025-11-13,2025-11-14,51.65,52.1,0.0018,🟡 移動停利,1,58.82,52.62
2449,2025-11-05,2025-11-18,206.21,203.0,-0.0223,🟡 移動停利,9,246.21,203.0
6669,2025-11-12,2025-11-18,4729.72,4258.47,-0.1058,🔴 停損,4,5483.72,4258.47
1303,2025-11-14,2025-11-18,52.15,55.9,0.0645,🟡 移動停利,2,59.99,55.9
2368,2025-11-14,2025-11-18,553.55,511.81,-0.0817,🟡 移動停利,2,653.05,511.81
3711,2025-11-11,2025-11-19,230.23,209.56,-0.096,🟡 移動停利,6,268.53,209.56
6239,2025-11-12,2025-11-19,170.17,154.81,-0.0965,🟡 移動停利,5,201.67,154.81
2344,2025-11-14,2025-11-19,59.75,57.87,-0.0381,🟡 移動停利,3,73.33,57.87
2408,2025-11-13,2025-11-20,164.66,148.1,-0.1067,🟡 移動停利,5,203.7,148.1
2344,2025-11-19,2025-11-20,59.25,53.99,-0.095,🟡 移動停利,1,74.57,53.99
1519,2025-11-13,2025-11-21,769.77,721.0,-0.0698,🟡 移動停利,6,889.37,728.25
1303,2025-11-18,2025-11-21,56.26,53.11,-0.0624,🟡 移動停利,3,65.37,53.11
3017,2025-11-19,2025-11-21,1356.35,1250.0,-0.0847,🟡 移動停利,2,1621.35,1254.38
2408,2025-11-20,2025-11-21,169.67,141.04,-0.1744,🔴 停損,1,215.47,141.04
2327,2025-11-05,2025-11-26,223.62,230.35,0.023,⚪ 時間到期,15,269.19,214.28
3443,2025-11-18,2025-12-09,1898.26,2105.41,0.1015,⚪ 時間到期,15,2321.33,2005.24
2368,2025-11-18,2025-12-09,530.53,596.0,0.1157,⚪ 時間到期,15,637.43,573.19
2383,2025-11-18,2025-12-09,1431.43,1500.0,0.0407,⚪ 時間到期,15,1712.43,1384.38
1326,2025-11-19,2025-12-09,32.63,32.99,0.004,🟡 移動停利,14,38.25,32.99
1303,2025-11-21,2025-12-09,53.45,61.49,0.1426,🟡 移動停利,12,64.5,61.49
2615,2025-11-20,2025-12-11,83.48,78.4,-0.0673,⚪ 時間到期,15,96.4,75.41
2408,2025-11-21,2025-12-12,141.64,162.0,0.1359,⚪ 時間到期,15,190.64,134.38
6770,2025-11-21,2025-12-12,33.53,35.1,0.0396,⚪ 時間到期,15,43.25,30.43
1519,2025-11-21,2025-12-12,721.72,807.0,0.1105,⚪ 時間到期,15,860.72,721.12
2360,2025-11-26,2025-12-16,848.85,746.85,-0.1262,🔴 停損,14,1012.05,746.85
3443,2025-12-09,2025-12-16,2157.34,2047.55,-0.0574,🟡 移動停利,5,2592.35,2047.55
3037,2025-12-09,2025-12-18,221.72,208.95,-0.0641,🟡 移動停利,7,263.41,208.95
1303,2025-12-09,2025-12-31,62.16,60.2,-0.0382,⚪ 時間到期,15,78.97,53.19
2368,2025-12-09,2025-12-31,587.59,687.0,0.1612,⚪ 時間到期,15,722.09,618.94
1326,2025-12-09,2025-12-31,33.13,32.1,-0.0378,⚪ 時間到期,15,39.8,30.53
2383,2025-12-11,2026-01-05,1586.58,1620.0,0.0141,⚪ 時間到期,15,1908.58,1493.75
2345,2025-12-12,2026-01-06,1161.16,1240.0,0.0606,⚪ 時間到期,15,1378.16,1134.38
2606,2025-12-12,2026-01-06,60.46,58.9,-0.0325,⚪ 時間到期,15,72.8,56.49
2344,2025-12-12,2026-01-06,68.91,103.46,0.4911,⚪ 時間到期,15,88.41,91.77
3481,2026-01-06,2026-01-07,20.06,21.24,0.0518,🟡 移動停利,1,22.98,21.24
3443,2025-12-16,2026-01-08,2162.32,2438.89,0.1202,⚪ 時間到期,15,2594.35,2243.53
2408,2025-12-31,2026-01-09,196.7,228.25,0.1525,🟡 移動停利,6,228.3,228.25
6770,2026-01-05,2026-01-09,43.64,45.57,0.037,🟡 移動停利,4,51.53,45.57
2344,2026-01-06,2026-01-09,95.4,97.68,0.0169,🟡 移動停利,3,114.99,97.68
6239,2026-01-06,2026-01-09,199.2,194.56,-0.03,🟡 移動停利,3,230.3,194.56
3481,2026-01-07,2026-01-09,22.06,20.02,-0.0987,🔴 停損,2,25.33,20.02
1605,2026-01-08,2026-01-09,39.27,35.33,-0.1064,🔴 停損,1,45.57,35.33
3037,2025-12-18,2026-01-12,209.21,243.5,0.156,⚪ 時間到期,15,250.81,220.0
2404,2025-12-18,2026-01-12,953.95,982.0,0.0224,⚪ 時間到期,15,1101.95,967.5
1605,2026-01-09,2026-01-15,37.94,39.97,0.0464,🟡 移動停利,4,44.64,39.97
2408,2026-01-09,2026-01-20,233.23,247.5,0.0539,🟡 移動停利,7,271.73,250.94
6239,2026-01-09,2026-01-20,203.2,249.62,0.2201,🟡 移動停利,7,238.2,249.62
6770,2026-01-12,2026-01-20,49.05,58.5,0.1845,🟡 移動停利,6,58.92,62.03
1605,2026-01-15,2026-01-20,40.45,40.45,-0.0068,🟡 移動停利,3,48.35,40.45
2344,2026-01-09,2026-01-21,103.06,103.61,-0.0016,🟡 移動停利,8,123.52,103.61
3481,2026-01-09,2026-01-21,20.55,25.61,0.2379,🟡 移動停利,8,24.47,25.99
2882,2025-12-31,2026-01-22,75.78,75.6,-0.0091,⚪ 時間到期,15,82.16,74.41
2891,2025-12-31,2026-01-22,50.25,50.8,0.004,⚪ 時間到期,15,53.82,49.77
2345,2026-01-09,2026-01-22,1251.25,1135.0,-0.0991,🟡 移動停利,9,1491.25,1135.0
3481,2026-01-21,2026-01-22,25.63,24.7,-0.0429,🟡 移動停利,1,31.69,24.7
6770,2026-01-20,2026-01-23,58.56,61.29,0.0394,🟡 移動停利,3,70.1,61.29
3481,2026-01-22,2026-01-23,27.79,23.64,-0.1549,🔴 停損,1,34.41,23.64
2303,2026-01-22,2026-01-23,71.57,64.92,-0.0991,🔴 停損,1,82.21,64.92
1519,2026-01-22,2026-01-26,1046.04,1006.25,-0.0446,🟡 移動停利,2,1196.04,1006.25
3037,2026-01-20,2026-01-27,297.3,333.5,0.1141,🟡 移動停利,5,343.6,334.06
2303,2026-01-23,2026-01-29,68.07,70.3,0.0257,🟡 移動停利,4,79.32,72.67
2449,2026-01-12,2026-01-30,267.77,296.75,0.1007,🟡 移動停利,14,311.37,296.75
6239,2026-01-20,2026-01-30,257.26,250.69,-0.0322,🟡 移動停利,8,304.16,250.69
3481,2026-01-23,2026-01-30,24.46,20.23,-0.1787,🟡 移動停利,5,31.74,20.23
3149,2026-01-26,2026-01-30,59.36,53.93,-0.0977,🟡 移動停利,4,72.91,53.93
6285,2026-01-27,2026-01-30,157.66,175.38,0.1048,🟡 移動停利,3,184.26,175.38
1605,2026-01-20,2026-02-02,40.99,40.23,-0.0254,🟡 移動停利,9,49.96,40.23
2344,2026-01-21,2026-02-02,111.53,120.46,0.0727,🟡 移動停利,8,135.26,120.46
2408,2026-01-22,2026-02-03,270.27,287.75,0.0574,🟡 移動停利,8,332.27,287.75
6770,2026-01-23,2026-02-03,64.86,62.11,-0.049,🟡 移動停利,7,78.6,62.11
2344,2026-02-02,2026-02-05,120.99,101.97,-0.163,🟡 移動停利,3,153.04,102.82
3037,2026-01-29,2026-02-06,365.36,336.0,-0.0867,🟡 移動停利,6,431.86,359.44
6285,2026-01-30,2026-02-06,176.68,172.0,-0.0331,🟡 移動停利,5,210.48,186.38
6446,2026-01-30,2026-02-06,747.75,706.38,-0.0618,🟡 移動停利,5,865.55,706.38
2408,2026-02-03,2026-02-06,312.31,258.69,-0.1774,🔴 停損,3,398.11,258.69
6415,2026-01-30,2026-03-03,296.7,255.82,-0.1437,🟡 移動停利,14,367.97,255.82
1326,2026-02-02,2026-03-03,41.59,47.89,0.1435,🟡 移動停利,13,49.61,47.89
3044,2026-02-05,2026-03-03,410.41,372.28,-0.0991,🔴 停損,10,471.41,372.28
6446,2026-02-06,2026-03-03,720.72,675.0,-0.0698,🟡 移動停利,9,845.92,687.75
3149,2026-01-30,2026-03-04,54.65,50.1,-0.0896,⚪ 時間到期,15,70.44,46.63
6239,2026-01-30,2026-03-04,255.25,219.5,-0.146,🟡 移動停利,15,316.65,224.62
6770,2026-02-03,2026-03-04,66.07,63.2,-0.0499,🟡 移動停利,13,85.09,67.01
6285,2026-02-06,2026-03-04,172.17,168.0,-0.0309,🟡 移動停利,10,219.37,168.0
3037,2026-02-06,2026-03-04,336.34,440.0,0.2993,🟡 移動停利,10,426.34,447.75
2383,2026-02-06,2026-03-04,1921.92,2253.12,0.1643,🟡 移動停利,10,2316.92,2253.12
2360,2026-03-03,2026-03-04,1561.56,1300.0,-0.1732,🔴 停損,1,1807.36,1407.93
2360,2026-03-04,2026-03-05,1301.3,1267.12,-0.0329,🟡 移動停利,1,1577.9,1267.12
3017,2026-03-03,2026-03-09,1831.83,1665.0,-0.0973,🟡 移動停利,4,2171.83,1687.5
2454,2026-03-03,2026-03-09,1901.9,1620.0,-0.154,🔴 停損,4,2221.9,1701.9
2383,2026-03-04,2026-03-09,2257.25,2125.0,-0.065,🟡 移動停利,3,2802.25,2129.38
2345,2026-03-04,2026-03-09,1361.36,1337.5,-0.0242,🟡 移動停利,3,1645.36,1337.5
2883,2026-03-04,2026-03-09,20.97,19.55,-0.0741,🔴 停損,3,22.98,19.71
1326,2026-03-03,2026-03-13,48.05,41.42,-0.1439,🟡 移動停利,8,60.42,41.42
3481,2026-03-09,2026-03-16,24.95,27.4,0.0907,🟡 移動停利,5,33.19,27.4
2609,2026-03-09,2026-03-18,61.56,57.2,-0.0772,🟡 移動停利,7,70.68,57.2
2605,2026-03-18,2026-03-20,42.24,39.96,-0.0604,🟡 移動停利,2,52.3,39.96
3037,2026-03-04,2026-03-23,440.44,501.0,0.1297,🟡 移動停利,13,560.94,518.69
6446,2026-03-04,2026-03-23,683.68,620.0,-0.0993,🟡 移動停利,13,822.48,624.25
2603,2026-03-13,2026-03-23,210.71,205.5,-0.0314,🟡 移動停利,6,237.11,205.5
2605,2026-03-20,2026-03-23,46.3,39.39,-0.155,🔴 停損,1,57.35,39.39
3036,2026-03-05,2026-03-24,196.11,228.18,0.1556,🟡 移動停利,13,230.82,228.18
2368,2026-03-09,2026-03-24,733.73,916.0,0.2399,🟡 移動停利,11,932.13,916.0
6770,2026-03-09,2026-03-24,58.06,63.69,0.0895,🟡 移動停利,11,80.96,63.69
6285,2026-03-04,2026-03-25,169.67,180.0,0.0536,⚪ 時間到期,15,232.77,143.56
2345,2026-03-09,2026-03-30,1356.35,1635.0,0.1972,⚪ 時間到期,15,1684.35,1545.0
2360,2026-03-16,2026-03-31,1521.52,1478.62,-0.0348,🟡 移動停利,11,1931.72,1478.62
3036,2026-03-24,2026-03-31,237.47,208.97,-0.126,🔴 停損,5,283.07,208.97
3017,2026-03-24,2026-03-31,2022.02,2005.62,-0.0149,🟡 移動停利,5,2509.02,2005.62
2605,2026-03-23,2026-04-14,40.04,36.46,-0.0956,🟡 移動停利,14,52.26,36.46
3037,2026-03-23,2026-04-15,501.5,618.0,0.2239,⚪ 時間到期,15,655.6,563.69
2383,2026-03-23,2026-04-15,2717.71,3810.0,0.3923,⚪ 時間到期,15,3427.71,3431.25
1326,2026-03-23,2026-04-15,44.84,50.4,0.1162,⚪ 時間到期,15,56.85,47.49
3533,2026-03-24,2026-04-16,2032.03,2510.0,0.2268,⚪ 時間到期,15,2523.03,2203.12
2603,2026-03-25,2026-04-17,205.2,198.0,-0.0417,⚪ 時間到期,15,236.6,186.88
2345,2026-03-30,2026-04-22,1621.62,2200.0,0.3474,⚪ 時間到期,15,1993.62,2017.5
6285,2026-04-14,2026-04-22,251.25,240.88,-0.0479,🟡 移動停利,6,305.05,240.88
3036,2026-03-31,2026-04-23,217.03,201.32,-0.0787,🟡 移動停利,15,265.16,201.32
3017,2026-03-31,2026-04-23,2102.1,2680.0,0.2662,⚪ 時間到期,15,2633.1,2543.12
2360,2026-03-31,2026-04-23,1581.58,1935.62,0.2155,🟡 移動停利,15,2092.58,1935.62
1326,2026-04-15,2026-04-23,55.05,47.98,-0.1345,🔴 停損,6,66.38,47.98
6285,2026-04-22,2026-04-24,251.75,209.69,-0.1728,🔴 停損,2,319.05,209.69
3443,2026-04-15,2026-04-27,3138.85,3872.98,0.2255,🟡 移動停利,8,3790.88,3872.98
2383,2026-04-15,2026-04-29,3873.87,4165.0,0.0678,🟡 移動停利,10,4685.87,4292.5
6415,2026-04-22,2026-04-29,416.92,395.55,-0.0577,🟡 移動停利,5,492.03,395.55
3037,2026-04-23,2026-04-29,726.73,785.44,0.0734,🟡 移動停利,4,887.63,785.44
2345,2026-04-23,2026-05-06,2222.22,2332.5,0.0425,🟡 移動停利,8,2682.22,2332.5
2454,2026-04-29,2026-05-06,2552.55,3177.5,0.2363,🟡 移動停利,4,3020.55,3177.5
3533,2026-04-16,2026-05-08,2432.43,2700.0,0.1024,⚪ 時間到期,15,3024.43,2585.0
1301,2026-04-17,2026-05-08,54.85,48.92,-0.1142,🔴 停損,14,64.34,48.92
1303,2026-04-23,2026-05-08,91.49,87.76,-0.0473,🟡 移動停利,10,113.47,87.76
1326,2026-04-23,2026-05-08,50.65,47.56,-0.0675,🟡 移動停利,10,61.76,47.56
2368,2026-04-24,2026-05-08,1316.31,1344.75,0.0146,🟡 移動停利,9,1596.71,1344.75
3037,2026-04-29,2026-05-08,805.8,836.5,0.031,🟡 移動停利,6,984.2,836.5
2383,2026-04-29,2026-05-11,4169.16,4480.0,0.0672,🟡 移動停利,7,5174.16,4486.88
2454,2026-05-08,2026-05-11,3323.32,3575.0,0.0684,🟡 移動停利,1,3947.32,3595.0
3443,2026-04-27,2026-05-13,4105.42,5380.49,0.3016,🟡 移動停利,11,4912.74,5418.44
3661,2026-05-08,2026-05-13,4809.8,5056.25,0.0441,🟡 移動停利,3,5743.8,5056.25
2454,2026-05-11,2026-05-13,3578.58,3482.5,-0.0335,🟡 移動停利,2,4262.58,3482.5
1504,2026-05-11,2026-05-15,73.67,69.71,-0.0602,🟡 移動停利,4,84.37,69.71
2303,2026-05-08,2026-05-18,96.6,105.04,0.08,🟡 移動停利,6,117.34,105.04
2885,2026-05-08,2026-05-18,56.96,53.95,-0.0593,🟡 移動停利,6,62.48,53.95
2383,2026-05-11,2026-05-18,4484.48,4415.0,-0.0222,🟡 移動停利,5,5537.48,4556.88
3443,2026-05-13,2026-05-18,5385.87,4604.02,-0.151,🟡 移動停利,3,6692.91,4673.09
3661,2026-05-13,2026-05-18,5120.12,4445.12,-0.1378,🔴 停損,3,6200.12,4445.12
6415,2026-05-06,2026-05-19,450.45,481.56,0.0618,🟡 移動停利,9,550.35,481.56
2454,2026-05-13,2026-05-19,3628.62,3138.0,-0.1411,🔴 停損,4,4413.62,3138.0
2345,2026-05-06,2026-05-20,2547.54,2330.0,-0.0916,🟡 移動停利,10,3067.54,2370.0
3481,2026-05-20,2026-05-26,36.98,45.69,0.2269,🟡 移動停利,4,45.52,45.69
2881,2026-05-20,2026-05-26,97.2,97.8,-0.0007,🟡 移動停利,4,105.28,98.45
3481,2026-05-26,2026-05-27,50.88,44.43,-0.1326,🔴 停損,1,61.19,44.43
3443,2026-05-18,2026-05-28,4608.63,4694.86,0.0117,🟡 移動停利,8,6048.07,4694.86
6415,2026-05-19,2026-05-28,525.52,610.69,0.1541,🟡 移動停利,7,657.22,610.69
6285,2026-05-08,2026-05-29,250.25,319.0,0.266,⚪ 時間到期,15,317.65,294.38
2303,2026-05-18,2026-06-02,108.61,138.4,0.2656,🟡 移動停利,11,135.97,138.4
2327,2026-05-18,2026-06-02,472.09,765.51,0.6105,🟡 移動停利,11,569.59,780.03
6239,2026-05-18,2026-06-02,245.75,353.94,0.4304,🟡 移動停利,11,298.65,353.94
6116,2026-05-28,2026-06-04,14.71,20.73,0.399,🟡 移動停利,5,17.87,20.73
2303,2026-06-02,2026-06-04,147.15,122.96,-0.1701,🔴 停損,2,185.85,122.96
2408,2026-05-18,2026-06-05,300.3,370.0,0.2237,🟡 移動停利,14,381.0,380.06
2454,2026-05-19,2026-06-05,3478.47,4360.0,0.2449,🟡 移動停利,13,4423.47,4379.38
3149,2026-05-26,2026-06-05,65.06,87.27,0.3322,🟡 移動停利,8,79.83,87.27
3481,2026-05-27,2026-06-05,45.98,51.98,0.1227,🟡 移動停利,7,57.43,51.98
2327,2026-06-02,2026-06-05,766.27,702.96,-0.0889,🟡 移動停利,3,945.19,726.16
6116,2026-06-04,2026-06-05,21.62,18.45,-0.1525,🔴 停損,1,26.25,18.73
2356,2026-06-04,2026-06-05,84.68,73.76,-0.135,🔴 停損,1,102.16,73.76
6415,2026-05-29,2026-06-08,626.63,524.0,-0.1695,🟡 移動停利,6,794.33,531.19
6285,2026-05-29,2026-06-08,316.32,263.0,-0.1742,🟡 移動停利,6,397.92,270.0
6239,2026-06-02,2026-06-08,369.87,304.5,-0.1824,🔴 停損,4,449.17,320.31
2357,2026-06-05,2026-06-08,910.91,819.78,-0.1062,🔴 停損,1,1056.71,819.78
2883,2026-06-05,2026-06-09,27.33,26.85,-0.0242,🟡 移動停利,2,30.78,26.99
2882,2026-06-08,2026-06-09,97.9,95.3,-0.0332,🟡 移動停利,1,108.88,97.14
2327,2026-06-05,2026-06-11,703.66,774.57,0.0932,🟡 移動停利,4,906.8,774.57
3481,2026-06-05,2026-06-11,52.15,41.95,-0.2011,🔴 停損,4,68.47,41.95
3149,2026-06-05,2026-06-11,90.09,78.7,-0.1324,🟡 移動停利,4,109.77,78.7
2356,2026-06-05,2026-06-11,76.58,64.8,-0.1596,🔴 停損,4,95.24,64.91
6116,2026-06-08,2026-06-11,16.67,13.45,-0.1988,🔴 停損,3,21.82,13.45
